Date,Time,Building,Floor,Area (sq ft),Total Energy Consumed (kWh),Cost (USD),% Lighting Consumption,% HVAC Consumption,% Computing Consumption,% Refrigeration Consumption,% Office Equipment,% Water Heating,% Misc.
10/1/2024,9:00,ECSW UTD,1,10000,42.48,5.1,19.56,31.04,17.9,9.45,7.47,8.09,6.48
10/1/2024,9:00,ECSW UTD,2,10000,63.32,7.6,24.42,33.42,15.23,5.53,11.47,7.68,2.26
10/1/2024,9:00,ECSW UTD,3,8000,37.86,4.54,20.2,31.19,11.69,9.54,10.03,11.04,6.31
10/1/2024,9:00,ECSW UTD,4,8000,40.61,4.87,21.17,32.14,18.85,11.81,7.51,3.3,5.22
10/1/2024,10:00,ECSW UTD,1,10000,37.33,4.48,19.81,29.28,15.64,7.4,10.09,10.46,7.32
10/1/2024,10:00,ECSW UTD,2,10000,41.09,4.93,25.43,32.69,13.82,13.49,8.09,2.69,3.78
10/1/2024,10:00,ECSW UTD,3,8000,34.35,4.12,20.72,31.85,17.14,12.05,9.72,4.69,3.84
10/1/2024,10:00,ECSW UTD,4,8000,32.46,3.9,22.92,30.61,14.64,12.76,6.41,6.89,5.78
10/1/2024,11:00,ECSW UTD,1,10000,34.81,4.18,18.91,30.44,15.81,12.38,8.27,11.19,3.01
10/1/2024,11:00,ECSW UTD,2,10000,61.12,7.33,22.35,33.93,16.19,11.45,4.53,5.13,6.42
10/1/2024,11:00,ECSW UTD,3,8000,47.39,5.69,20.66,30.92,15.25,12.89,9.43,4.29,6.56
10/1/2024,11:00,ECSW UTD,4,8000,40.49,4.86,24.3,31.67,15.89,10.21,5.62,6.19,6.12
10/1/2024,12:00,ECSW UTD,1,10000,76.75,9.21,22.16,33.15,16.37,12.38,8.7,6.16,1.08
10/1/2024,12:00,ECSW UTD,2,10000,35.28,4.23,26.03,34.19,13.3,8.96,6.86,5.94,4.72
10/1/2024,12:00,ECSW UTD,3,8000,36.7,4.4,21.72,33.6,15.72,9.61,7.77,6.17,5.41
10/1/2024,12:00,ECSW UTD,4,8000,43.84,5.26,18.16,29.19,16.98,8.62,11.05,8.01,7.99
10/1/2024,13:00,ECSW UTD,1,10000,35.6,4.27,20.47,29.47,17.11,13.62,9.9,5.1,4.34
10/1/2024,13:00,ECSW UTD,2,10000,43.25,5.19,19.91,35.24,14.94,12.75,8.71,4.79,3.66
10/1/2024,13:00,ECSW UTD,3,8000,38.22,4.59,20.3,30.85,15.44,12.24,12.58,4.18,4.41
10/1/2024,13:00,ECSW UTD,4,8000,60.65,7.28,23,31.9,16.02,10.79,8.93,3.74,5.62
10/1/2024,14:00,ECSW UTD,1,10000,41.47,4.98,19.59,35.58,16.82,8.03,9.82,3.22,6.93
10/1/2024,14:00,ECSW UTD,2,10000,45.79,5.49,18.82,32.73,16.22,11.94,12.09,4.62,3.58
10/1/2024,14:00,ECSW UTD,3,8000,35.55,4.27,18.93,30.76,16.16,10.88,9.95,5.18,8.15
10/1/2024,14:00,ECSW UTD,4,8000,38.68,4.64,26.02,31.96,13.59,8.04,9.17,4.66,6.57
10/1/2024,15:00,ECSW UTD,1,10000,42.37,5.08,22.85,32.58,13.78,10.48,11.18,6.25,2.89
10/1/2024,15:00,ECSW UTD,2,10000,40.87,4.9,22.58,30.69,16.64,11,6.21,6.21,6.66
10/1/2024,15:00,ECSW UTD,3,8000,45.42,5.45,21.83,26.9,12.96,10.89,8.91,5.95,12.55
10/1/2024,15:00,ECSW UTD,4,8000,42.85,5.14,22.88,32.78,16.75,9.62,9.78,3.55,4.65
10/1/2024,16:00,ECSW UTD,1,10000,37.57,4.51,21.58,37.06,12.06,12.17,5.11,4.34,7.68
10/1/2024,16:00,ECSW UTD,2,10000,40.32,4.84,20.16,32.27,18.48,9.65,9.53,5.75,4.18
10/1/2024,16:00,ECSW UTD,3,8000,50.72,6.09,23.85,29.11,17.24,9.73,10.89,3.83,5.35
10/1/2024,16:00,ECSW UTD,4,8000,42.52,5.1,23.18,29.44,15.29,9.65,7.14,9.1,6.2
10/1/2024,17:00,ECSW UTD,1,10000,33.7,4.04,22.22,34.85,17.37,7.08,7.16,7.67,3.65
10/1/2024,17:00,ECSW UTD,2,10000,42.22,5.07,26.59,34.73,18.36,4.34,7.34,5.55,3.09
10/1/2024,17:00,ECSW UTD,3,8000,48.16,5.78,18.65,31.69,16.61,14.02,5.58,7.97,5.46
10/1/2024,17:00,ECSW UTD,4,8000,35.09,4.21,22.25,32.32,14.67,10.78,7.69,5.56,6.72
10/2/2024,9:00,ECSW UTD,1,10000,47.93,5.75,19.24,37.62,12.18,10.65,10.08,6.11,4.12
10/2/2024,9:00,ECSW UTD,2,10000,38.96,4.68,20.17,30.57,17.71,11.36,7.02,7.21,5.96
10/2/2024,9:00,ECSW UTD,3,8000,44.06,5.29,22.52,30.03,14.7,12.18,9.77,5.25,5.55
10/2/2024,9:00,ECSW UTD,4,8000,46.39,5.57,19.29,31.88,14.96,9.81,10.45,6.82,6.79
10/2/2024,10:00,ECSW UTD,1,10000,46.53,5.58,20.97,32.82,15.05,11.14,8.1,5.44,6.48
10/2/2024,10:00,ECSW UTD,2,10000,64.39,7.73,24.51,32.85,12.78,11.7,9.46,3.65,5.05
10/2/2024,10:00,ECSW UTD,3,8000,29.55,3.55,23.3,29.09,16.44,11.11,10.61,4.09,5.35
10/2/2024,10:00,ECSW UTD,4,8000,42.8,5.14,22.52,33.46,14.55,8.98,11.1,0.96,8.43
10/2/2024,11:00,ECSW UTD,1,10000,38.49,4.62,20.66,29.59,15.4,12.96,9.86,6.18,5.35
10/2/2024,11:00,ECSW UTD,2,10000,32.77,3.93,19.34,30.95,16.81,10.71,10.52,6.28,5.39
10/2/2024,11:00,ECSW UTD,3,8000,51.38,6.17,19.93,27.9,17.93,11.87,11.14,4.58,6.66
10/2/2024,11:00,ECSW UTD,4,8000,32.74,3.93,24.82,34.16,14.14,13.89,5.04,1.35,6.59
10/2/2024,12:00,ECSW UTD,1,10000,42.86,5.14,21.98,31.55,17.99,11.42,7.75,4.86,4.44
10/2/2024,12:00,ECSW UTD,2,10000,41.48,4.98,20.77,35.79,17.3,12.31,9.98,0.11,3.73
10/2/2024,12:00,ECSW UTD,3,8000,39.46,4.74,21.19,32.52,16.63,13.89,9.19,4.66,1.92
10/2/2024,12:00,ECSW UTD,4,8000,33.16,3.98,20.74,31.62,17.8,8.21,7.28,5.4,8.95
10/2/2024,13:00,ECSW UTD,1,10000,40.57,4.87,23.44,30.78,17.56,12.23,8.45,3,4.53
10/2/2024,13:00,ECSW UTD,2,10000,47.45,5.69,23.11,30.95,15.21,6.95,11.57,7.19,5.02
10/2/2024,13:00,ECSW UTD,3,8000,41,4.92,16.56,30.7,18.69,12.65,9.16,5.26,6.97
10/2/2024,13:00,ECSW UTD,4,8000,38.59,4.63,18.64,33.53,17.67,13.69,5.72,5.32,5.42
10/2/2024,14:00,ECSW UTD,1,10000,34.49,4.14,21.73,32.63,14.94,14.62,7.63,4.25,4.19
10/2/2024,14:00,ECSW UTD,2,10000,35.92,4.31,22.46,32.28,17.39,12.03,4.09,5.71,6.05
10/2/2024,14:00,ECSW UTD,3,8000,42.57,5.11,24.36,34.46,14.95,9.27,9.95,4.24,2.76
10/2/2024,14:00,ECSW UTD,4,8000,51.87,6.22,21.91,32.5,12,13.23,6.81,5.72,7.84
10/2/2024,15:00,ECSW UTD,1,10000,35.14,4.22,23.07,37.81,11.54,9.59,7.08,5.29,5.61
10/2/2024,15:00,ECSW UTD,2,10000,34.69,4.16,19.65,29.91,15.03,10.97,10.33,7.48,6.63
10/2/2024,15:00,ECSW UTD,3,8000,35.63,4.28,20.01,34.77,17.04,9.12,11.17,4.23,3.67
10/2/2024,15:00,ECSW UTD,4,8000,46.98,5.64,19.85,29.9,19.28,11.49,9.43,4.89,5.17
10/2/2024,16:00,ECSW UTD,1,10000,37.71,4.53,22.38,34.9,16.92,9.96,8.25,0,7.6
10/2/2024,16:00,ECSW UTD,2,10000,41.95,5.03,21.37,32.84,16.75,9.21,7.47,6.53,5.83
10/2/2024,16:00,ECSW UTD,3,8000,50.22,6.03,26.11,35.8,15.14,9.97,6.74,6.25,0
10/2/2024,16:00,ECSW UTD,4,8000,79.59,9.55,22.39,36.13,13.49,11.4,6.44,4.27,5.88
10/2/2024,17:00,ECSW UTD,1,10000,35.7,4.28,19.94,33.19,14.36,12.1,5.95,6.28,8.17
10/2/2024,17:00,ECSW UTD,2,10000,27.64,3.32,20.1,34.03,15.94,11.73,7.42,5.65,5.12
10/2/2024,17:00,ECSW UTD,3,8000,45.84,5.5,22.42,33.54,15.5,9.87,7.8,6.33,4.55
10/2/2024,17:00,ECSW UTD,4,8000,41.45,4.97,25.77,33.86,15.31,13.23,7.66,0.99,3.18
10/3/2024,9:00,ECSW UTD,1,10000,30.65,3.68,20.72,32.25,19.7,11.44,8.12,7.15,0.62
10/3/2024,9:00,ECSW UTD,2,10000,41.18,4.94,21.64,27.17,17.37,10.73,7.2,6.3,9.59
10/3/2024,9:00,ECSW UTD,3,8000,40.91,4.91,22.77,32.31,14.78,12.95,6.99,5.71,4.49
10/3/2024,9:00,ECSW UTD,4,8000,42.39,5.09,22.44,34.83,15.18,10.27,6.56,4.46,6.25
10/3/2024,10:00,ECSW UTD,1,10000,43.78,5.25,18.88,33.01,18.42,11.26,12.22,3.59,2.61
10/3/2024,10:00,ECSW UTD,2,10000,31.11,3.73,22.84,31.11,14.79,10.49,5.71,9.83,5.22
10/3/2024,10:00,ECSW UTD,3,8000,40.55,4.87,21.1,30.45,15.19,8.28,8.8,8.62,7.56
10/3/2024,10:00,ECSW UTD,4,8000,47.97,5.76,20.69,30.55,16.08,11.02,11.11,1.76,8.79
10/3/2024,11:00,ECSW UTD,1,10000,39.21,4.71,22.95,33.53,14.01,13.96,9.76,2.9,2.89
10/3/2024,11:00,ECSW UTD,2,10000,38.32,4.6,26.93,34.02,13.84,10.97,8.6,0,5.64
10/3/2024,11:00,ECSW UTD,3,8000,38.85,4.66,20.8,32.76,16.77,9.2,5.63,9.86,4.98
10/3/2024,11:00,ECSW UTD,4,8000,40.07,4.81,22.25,33.9,16.41,9.87,7.7,5.5,4.36
10/3/2024,12:00,ECSW UTD,1,10000,36.44,4.37,22.23,32.43,19.8,5.17,11.2,8.24,0.94
10/3/2024,12:00,ECSW UTD,2,10000,38.29,4.59,20.58,29.05,14.37,8.31,12.29,7.34,8.06
10/3/2024,12:00,ECSW UTD,3,8000,43.61,5.23,20.06,32.74,18.07,8.54,10.66,5.11,4.81
10/3/2024,12:00,ECSW UTD,4,8000,43.55,5.23,21.96,30.78,18.21,8.24,9.71,6.5,4.61
10/3/2024,13:00,ECSW UTD,1,10000,41.63,5,19.7,35.86,16.47,10.08,11.37,4.04,2.46
10/3/2024,13:00,ECSW UTD,2,10000,68.44,8.21,23.66,36.24,11.89,7.24,7.71,7.75,5.51
10/3/2024,13:00,ECSW UTD,3,8000,38.32,4.6,23.42,35.41,16.87,9.04,7.39,2.5,5.37
10/3/2024,13:00,ECSW UTD,4,8000,31.85,3.82,19.9,32.07,15.5,8.54,8.54,7.77,7.68
10/3/2024,14:00,ECSW UTD,1,10000,34.98,4.2,23.09,32.6,18.25,11.83,3.58,4.73,5.93
10/3/2024,14:00,ECSW UTD,2,10000,32.83,3.94,24.03,30.6,15.22,14.4,7.08,6.98,1.7
10/3/2024,14:00,ECSW UTD,3,8000,50.41,6.05,21.6,33.62,17.1,12.49,5.53,5.56,4.1
10/3/2024,14:00,ECSW UTD,4,8000,31.55,3.79,22.35,29.8,15.75,10.54,7.46,9.1,4.99
10/3/2024,15:00,ECSW UTD,1,10000,32.21,3.87,20.71,33.44,17.33,8.44,10.63,1.59,7.86
10/3/2024,15:00,ECSW UTD,2,10000,33.4,4.01,19.07,31.35,14.87,11.35,9.01,7.39,6.95
10/3/2024,15:00,ECSW UTD,3,8000,37.73,4.53,22.75,28.83,15.92,12.45,8.85,6.31,4.89
10/3/2024,15:00,ECSW UTD,4,8000,45.65,5.48,21.48,31.48,18.16,7.79,9.75,3.16,8.18
10/3/2024,16:00,ECSW UTD,1,10000,70.23,8.43,20.69,33.58,15.71,12.31,5.13,5.65,6.92
10/3/2024,16:00,ECSW UTD,2,10000,40.41,4.85,21.53,28.18,17.33,14.2,7.08,4,7.69
10/3/2024,16:00,ECSW UTD,3,8000,47.9,5.75,22.98,35.35,17.5,8.86,7.47,3.63,4.2
10/3/2024,16:00,ECSW UTD,4,8000,39.83,4.78,21.02,34,13.36,12.29,7.78,5.03,6.52
10/3/2024,17:00,ECSW UTD,1,10000,34.39,4.13,21.14,30.88,16.27,10.77,13.14,3.79,4.01
10/3/2024,17:00,ECSW UTD,2,10000,36.88,4.43,20.1,30.57,18.49,13.67,7.3,3.55,6.32
10/3/2024,17:00,ECSW UTD,3,8000,37.24,4.47,22.08,31.57,12.43,13.59,12.03,3.92,4.39
10/3/2024,17:00,ECSW UTD,4,8000,41.43,4.97,22.26,33.73,20.49,10.39,6.9,2.41,3.81
10/4/2024,9:00,ECSW UTD,1,10000,39.83,4.78,23.05,28.3,15.09,9.74,10.14,9.82,3.85
10/4/2024,9:00,ECSW UTD,2,10000,37.55,4.51,21.24,30.16,17.98,10.74,7,5.94,6.94
10/4/2024,9:00,ECSW UTD,3,8000,44.1,5.29,20.5,31.35,16.91,12.45,9.07,4.55,5.16
10/4/2024,9:00,ECSW UTD,4,8000,46.03,5.52,19.45,32.56,15.06,10.65,11.18,5.7,5.39
10/4/2024,10:00,ECSW UTD,1,10000,33.2,3.98,20.75,30.21,18.66,9.06,8.15,5.31,7.87
10/4/2024,10:00,ECSW UTD,2,10000,39.52,4.74,21.7,32.95,16.23,9.61,8.85,7.54,3.11
10/4/2024,10:00,ECSW UTD,3,8000,40.66,4.88,19.88,34.61,12.77,9.49,9.36,8.69,5.2
10/4/2024,10:00,ECSW UTD,4,8000,37.22,4.47,26.78,30.55,11.95,12.26,7.89,3.33,7.23
10/4/2024,11:00,ECSW UTD,1,10000,41.22,4.95,20.14,29.28,17.87,12.06,8.33,9.28,3.05
10/4/2024,11:00,ECSW UTD,2,10000,32.37,3.88,20.1,32.29,16.72,10.28,9.4,2.7,8.52
10/4/2024,11:00,ECSW UTD,3,8000,39.59,4.75,21.63,29.85,15.48,10.83,8.65,6.11,7.45
10/4/2024,11:00,ECSW UTD,4,8000,40.98,4.92,22.21,30.93,18.54,8.97,12.03,5.1,2.22
10/4/2024,12:00,ECSW UTD,1,10000,40.64,4.88,22.84,38.83,16.78,11.16,5.17,5.02,0.19
10/4/2024,12:00,ECSW UTD,2,10000,32.08,3.85,23.24,34.1,17.12,8.71,8.54,5.39,2.9
10/4/2024,12:00,ECSW UTD,3,8000,47.52,5.7,24.49,33.27,16.94,11.73,4.41,5.07,4.09
10/4/2024,12:00,ECSW UTD,4,8000,34.99,4.2,19.06,32.95,15.97,8.69,8.97,7.65,6.72
10/4/2024,13:00,ECSW UTD,1,10000,89.03,10.68,19.28,31.74,16.87,9.11,10.49,5.39,7.11
10/4/2024,13:00,ECSW UTD,2,10000,39.01,4.68,23.25,31.64,19.89,9.51,8.64,3.02,4.05
10/4/2024,13:00,ECSW UTD,3,8000,86.1,10.33,22.46,33.76,16.02,10.17,8.32,6.28,2.98
10/4/2024,13:00,ECSW UTD,4,8000,38.71,4.65,18.82,34.78,18.4,10.2,12.59,2.88,2.34
10/4/2024,14:00,ECSW UTD,1,10000,41.12,4.93,21.87,33.02,13.94,12.03,7.84,4.61,6.7
10/4/2024,14:00,ECSW UTD,2,10000,43.26,5.19,17.44,34.11,18.38,9.06,9.1,6.2,5.72
10/4/2024,14:00,ECSW UTD,3,8000,37.25,4.47,20.54,32.97,19.09,12.21,7.99,7.2,0
10/4/2024,14:00,ECSW UTD,4,8000,45.74,5.49,19.2,34.02,14.83,8.61,12,4.72,6.62
10/4/2024,15:00,ECSW UTD,1,10000,39.77,4.77,23.66,34.04,14.04,13.54,7.92,2.13,4.68
10/4/2024,15:00,ECSW UTD,2,10000,47.5,5.7,22.04,29.77,14.53,9.51,12.35,5.86,5.95
10/4/2024,15:00,ECSW UTD,3,8000,45.15,5.42,21.81,31.39,15.55,10.5,8.44,6.87,5.43
10/4/2024,15:00,ECSW UTD,4,8000,43.66,5.24,22.41,34.07,12.43,13.37,9.82,7.9,0
10/4/2024,16:00,ECSW UTD,1,10000,50.44,6.05,20.86,34.07,13.66,11.87,6.23,3.97,9.34
10/4/2024,16:00,ECSW UTD,2,10000,39.05,4.69,20.06,31.15,15.69,10.11,8.57,9.63,4.79
10/4/2024,16:00,ECSW UTD,3,8000,41.01,4.92,22.18,32.32,17.43,11.32,5.73,8.3,2.72
10/4/2024,16:00,ECSW UTD,4,8000,41.51,4.98,18.94,30.59,16.04,10.9,9.06,8.43,6.05
10/4/2024,17:00,ECSW UTD,1,10000,38.78,4.65,22.02,32.51,12.59,11.24,9.44,4.42,7.78
10/4/2024,17:00,ECSW UTD,2,10000,39.25,4.71,22.66,33.19,16.82,8.74,5.73,9.16,3.7
10/4/2024,17:00,ECSW UTD,3,8000,35.04,4.2,16.84,30.82,13.25,14.25,10.75,3.89,10.2
10/4/2024,17:00,ECSW UTD,4,8000,44.91,5.39,20.85,26.94,21.1,7.78,5.08,7.59,10.65
10/5/2024,9:00,ECSW UTD,1,10000,26.92,3.23,21.3,31.44,16.84,11.61,8.63,5.25,4.91
10/5/2024,9:00,ECSW UTD,2,10000,16.23,1.95,22.14,30.31,16.86,9.14,6.6,6.1,8.86
10/5/2024,9:00,ECSW UTD,3,8000,24.59,2.95,19.49,32.39,19.51,9.29,8.73,7.05,3.54
10/5/2024,9:00,ECSW UTD,4,8000,20.53,2.46,19.58,32.53,17.67,7.7,10.03,5.6,6.9
10/5/2024,10:00,ECSW UTD,1,10000,21.12,2.53,23.52,31.31,14.63,10.6,9.4,5.28,5.26
10/5/2024,10:00,ECSW UTD,2,10000,16.49,1.98,21.02,30.61,20.82,8.46,7.44,4.01,7.64
10/5/2024,10:00,ECSW UTD,3,8000,18.53,2.22,23.54,29.98,16.28,8.72,12.86,2.75,5.88
10/5/2024,10:00,ECSW UTD,4,8000,23.17,2.78,20.97,29.83,14.84,10.15,7.76,6.97,9.48
10/5/2024,11:00,ECSW UTD,1,10000,17.21,2.07,17.41,30.08,20.33,8.46,11.37,8.43,3.93
10/5/2024,11:00,ECSW UTD,2,10000,22.84,2.74,26.38,33.17,16.55,10.02,6.77,4.2,2.9
10/5/2024,11:00,ECSW UTD,3,8000,20.17,2.42,21,34.66,13.52,12.13,11,1.15,6.54
10/5/2024,11:00,ECSW UTD,4,8000,26.14,3.14,18.6,35.28,16.76,9.09,8.35,6.47,5.45
10/5/2024,12:00,ECSW UTD,1,10000,22.69,2.72,20.72,34.62,13.89,11.16,7.07,4.03,8.53
10/5/2024,12:00,ECSW UTD,2,10000,25.46,3.06,21.32,27.95,14.43,12.48,8.32,9.68,5.81
10/5/2024,12:00,ECSW UTD,3,8000,20.96,2.52,21.2,33.1,16.07,12.49,10.84,3.75,2.56
10/5/2024,12:00,ECSW UTD,4,8000,10.82,1.3,22.14,29.28,11.27,11.35,13.68,5.25,7.03
10/5/2024,13:00,ECSW UTD,1,10000,20.41,2.45,20.65,33.2,15.04,10.99,9.01,3.82,7.28
10/5/2024,13:00,ECSW UTD,2,10000,19.13,2.3,19.68,33.08,14.06,10.71,8.5,7.64,6.33
10/5/2024,13:00,ECSW UTD,3,8000,19.87,2.38,23.22,35.18,17.29,10.75,5.77,3.08,4.71
10/5/2024,13:00,ECSW UTD,4,8000,16.95,2.03,21.61,33.16,17.68,10.86,9.88,5.65,1.16
10/5/2024,14:00,ECSW UTD,1,10000,15.3,1.84,19.8,27.71,16.27,13.12,10.49,4.59,8.02
10/5/2024,14:00,ECSW UTD,2,10000,20.74,2.49,21.38,31.83,15.93,10.2,9.23,5.89,5.54
10/5/2024,14:00,ECSW UTD,3,8000,22.18,2.66,25.47,36.3,13.69,5.57,11.23,2.58,5.18
10/5/2024,14:00,ECSW UTD,4,8000,14.15,1.7,19.21,36.42,19.35,10.37,3.3,4.58,6.78
10/5/2024,15:00,ECSW UTD,1,10000,12.61,1.51,21.47,31.59,17.03,10.79,6.38,7.79,4.94
10/5/2024,15:00,ECSW UTD,2,10000,19.86,2.38,21.19,34.02,15.46,11.28,13.35,2.64,2.07
10/5/2024,15:00,ECSW UTD,3,8000,27.36,3.28,20.37,29.81,17.76,9.14,12.12,6.61,4.19
10/5/2024,15:00,ECSW UTD,4,8000,30.79,3.69,19.14,32.08,15.89,12.84,11.33,5.16,3.56
10/5/2024,16:00,ECSW UTD,1,10000,22.3,2.68,20.5,37.41,16.79,10.19,9.2,2.54,3.36
10/5/2024,16:00,ECSW UTD,2,10000,26,3.12,19.68,29.39,16.93,13.03,9.94,7.36,3.67
10/5/2024,16:00,ECSW UTD,3,8000,12.89,1.55,22.15,28.26,13.96,12.19,8.77,5.69,8.98
10/5/2024,16:00,ECSW UTD,4,8000,16.78,2.01,21.26,29.29,15.11,12.7,8.77,5.91,6.95
10/5/2024,17:00,ECSW UTD,1,10000,18.18,2.18,21.25,32.38,12.84,16.37,6.72,5.29,5.16
10/5/2024,17:00,ECSW UTD,2,10000,21.54,2.58,22.04,32.32,14.1,9.85,8.73,4.59,8.37
10/5/2024,17:00,ECSW UTD,3,8000,22.45,2.69,22.5,32.83,18.18,10.86,5.67,6.08,3.88
10/5/2024,17:00,ECSW UTD,4,8000,17.36,2.08,19.9,30.52,14.14,9.98,10.72,5.15,9.59
10/6/2024,9:00,ECSW UTD,1,10000,22.83,2.74,17.73,33.9,16.96,13.53,10.06,5.08,2.74
10/6/2024,9:00,ECSW UTD,2,10000,18.95,2.27,19.48,30.7,17.22,14.2,9.36,2.78,6.27
10/6/2024,9:00,ECSW UTD,3,8000,25.98,3.12,20.44,32.36,16.36,9.18,10.12,5.18,6.36
10/6/2024,9:00,ECSW UTD,4,8000,15.56,1.87,19.56,32.15,14.58,13.76,7.36,5.57,7.02
10/6/2024,10:00,ECSW UTD,1,10000,12.91,1.55,17.87,29.23,19.01,9.65,14.23,4.2,5.82
10/6/2024,10:00,ECSW UTD,2,10000,27.71,3.33,22.39,31.82,16.24,11.23,8.56,6.11,3.63
10/6/2024,10:00,ECSW UTD,3,8000,15.91,1.91,20.36,30.21,14.35,11.6,10.09,5.27,8.1
10/6/2024,10:00,ECSW UTD,4,8000,14.29,1.71,21.48,31.28,12.34,10.77,8.49,8.79,6.86
10/6/2024,11:00,ECSW UTD,1,10000,14.88,1.79,23.86,32.65,16.27,9.61,6.12,4.28,7.22
10/6/2024,11:00,ECSW UTD,2,10000,29.42,3.53,25.66,32.26,14.18,11.43,4.96,6.28,5.23
10/6/2024,11:00,ECSW UTD,3,8000,17.67,2.12,19.74,36.43,16.36,8.99,2.65,5.81,10.03
10/6/2024,11:00,ECSW UTD,4,8000,28.31,3.4,20.22,30.5,16.88,8.48,9.11,6.92,7.9
10/6/2024,12:00,ECSW UTD,1,10000,19.5,2.34,21.85,31.49,14.88,10.65,9.74,7.61,3.78
10/6/2024,12:00,ECSW UTD,2,10000,27.46,3.3,21.92,33.75,15.22,5.8,11.01,7.29,5
10/6/2024,12:00,ECSW UTD,3,8000,20.33,2.44,24.23,30.96,16.06,13.35,6.33,6.44,2.63
10/6/2024,12:00,ECSW UTD,4,8000,22.33,2.68,21.75,29.21,18.91,9.31,6.96,5.89,7.96
10/6/2024,13:00,ECSW UTD,1,10000,14.92,1.79,21.52,33,17.52,11.07,7.77,3.58,5.53
10/6/2024,13:00,ECSW UTD,2,10000,14.64,1.76,16.01,34.91,19,5.96,6.76,7.05,10.31
10/6/2024,13:00,ECSW UTD,3,8000,20.1,2.41,21.03,33.61,20.13,9.88,7.26,4.58,3.51
10/6/2024,13:00,ECSW UTD,4,8000,20.61,2.47,24.66,32.5,15.37,9.99,5.17,7.18,5.14
10/6/2024,14:00,ECSW UTD,1,10000,19.1,2.29,27.13,31.45,13.87,9.4,10.59,5.37,2.18
10/6/2024,14:00,ECSW UTD,2,10000,24.6,2.95,18.46,33.39,16.98,9.01,10.45,5.08,6.63
10/6/2024,14:00,ECSW UTD,3,8000,22.42,2.69,20.45,32.07,19.05,10.42,8.03,3.45,6.53
10/6/2024,14:00,ECSW UTD,4,8000,30.31,3.64,19.17,32.24,19.12,10.56,9.55,3.08,6.28
10/6/2024,15:00,ECSW UTD,1,10000,19.06,2.29,21.12,31.12,19.4,10.73,8.32,5.18,4.13
10/6/2024,15:00,ECSW UTD,2,10000,21.69,2.6,19.8,30.94,17.99,8.15,10.48,7.79,4.86
10/6/2024,15:00,ECSW UTD,3,8000,9.39,1.13,19.96,34.64,15.89,8.5,7.43,7.1,6.48
10/6/2024,15:00,ECSW UTD,4,8000,18.81,2.26,19.72,29.9,13.46,13.54,7.53,7.61,8.23
10/6/2024,16:00,ECSW UTD,1,10000,24.99,3,20.86,33.58,16.3,8.93,9.43,2.88,8.04
10/6/2024,16:00,ECSW UTD,2,10000,17.68,2.12,22,32.96,15.62,12.05,7.6,7.27,2.49
10/6/2024,16:00,ECSW UTD,3,8000,20.63,2.48,24.72,28.99,14.13,11.42,8.65,5.9,6.19
10/6/2024,16:00,ECSW UTD,4,8000,23.17,2.78,22.56,31.29,14.74,11.52,11.98,4.81,3.1
10/6/2024,17:00,ECSW UTD,1,10000,25.54,3.06,21.98,28.54,18.57,9.93,8.7,6.3,5.99
10/6/2024,17:00,ECSW UTD,2,10000,23.55,2.83,20,32.44,15.14,12,9.65,3.27,7.5
10/6/2024,17:00,ECSW UTD,3,8000,17.32,2.08,22.23,31.61,19.21,9.82,7.51,5.1,4.52
10/6/2024,17:00,ECSW UTD,4,8000,24,2.88,18.57,30.89,14.25,13.18,12.65,5.31,5.16
10/7/2024,9:00,ECSW UTD,1,10000,40.35,4.84,22.49,28.35,15.59,12.04,9.07,5.42,7.05
10/7/2024,9:00,ECSW UTD,2,10000,26.48,3.18,22.53,30.27,11.96,11.63,11.34,4.98,7.29
10/7/2024,9:00,ECSW UTD,3,8000,48.06,5.77,23.78,34.97,17.32,10.67,5.04,4.74,3.48
10/7/2024,9:00,ECSW UTD,4,8000,50.85,6.1,20.34,31.3,16.67,10.44,11.79,3.89,5.58
10/7/2024,10:00,ECSW UTD,1,10000,36.29,4.35,20.71,34.32,17.8,10.9,7.89,2.61,5.77
10/7/2024,10:00,ECSW UTD,2,10000,32.48,3.9,23.15,32.45,13,10.09,6.99,6.06,8.26
10/7/2024,10:00,ECSW UTD,3,8000,30.62,3.67,22.24,32.63,17.97,11.46,7.14,4.8,3.75
10/7/2024,10:00,ECSW UTD,4,8000,45.38,5.45,23.44,39.53,17.4,10.04,5.82,1.63,2.14
10/7/2024,11:00,ECSW UTD,1,10000,41.34,4.96,21.67,27.67,17.31,9.31,8.55,8.48,7
10/7/2024,11:00,ECSW UTD,2,10000,38.66,4.64,21.96,30.97,16.35,11.54,7.26,5.71,6.21
10/7/2024,11:00,ECSW UTD,3,8000,38.88,4.67,20.02,32.48,17.01,8.37,11.59,5.14,5.39
10/7/2024,11:00,ECSW UTD,4,8000,43.54,5.22,21.92,34.17,16.68,9.4,9.34,2.91,5.59
10/7/2024,12:00,ECSW UTD,1,10000,39.83,4.78,22.79,34.62,13.08,10.36,9.53,6.19,3.43
10/7/2024,12:00,ECSW UTD,2,10000,46.33,5.56,19.07,33.35,16.55,9.09,12.06,2.73,7.14
10/7/2024,12:00,ECSW UTD,3,8000,45,5.4,19.36,34.01,15.04,10.97,8.84,4.91,6.87
10/7/2024,12:00,ECSW UTD,4,8000,43.97,5.28,18.32,36.19,12.96,13.39,11.38,3.13,4.64
10/7/2024,13:00,ECSW UTD,1,10000,34.47,4.14,20.1,30.17,17,12.96,11.08,3.98,4.7
10/7/2024,13:00,ECSW UTD,2,10000,31.58,3.79,19.69,34.18,19.52,8.06,7.3,5.3,5.95
10/7/2024,13:00,ECSW UTD,3,8000,35.95,4.31,22.45,31.28,16.12,11.94,8.63,4.44,5.15
10/7/2024,13:00,ECSW UTD,4,8000,39.56,4.75,20.02,30.65,18.92,11.56,7.7,6.65,4.5
10/7/2024,14:00,ECSW UTD,1,10000,45.87,5.5,23.86,34.27,18.29,7.89,6.61,3.01,6.08
10/7/2024,14:00,ECSW UTD,2,10000,48.66,5.84,26.52,33.91,17.35,6.94,7.5,3.71,4.07
10/7/2024,14:00,ECSW UTD,3,8000,39.16,4.7,21.12,28.86,18.28,8.7,9.4,10.14,3.5
10/7/2024,14:00,ECSW UTD,4,8000,27.35,3.28,20.25,33.57,19.72,7.86,9.37,4.24,4.99
10/7/2024,15:00,ECSW UTD,1,10000,53.22,6.39,18.15,32.58,17.02,13,8.75,6,4.5
10/7/2024,15:00,ECSW UTD,2,10000,41.35,4.96,20.19,32.66,14.91,11.24,8.3,7.58,5.12
10/7/2024,15:00,ECSW UTD,3,8000,31.13,3.74,23.47,29.37,14.27,9.18,11.2,0.76,11.75
10/7/2024,15:00,ECSW UTD,4,8000,45.28,5.43,20.96,30.65,15.97,11.32,9.53,6.27,5.31
10/7/2024,16:00,ECSW UTD,1,10000,39.01,4.68,21.51,32.33,18.85,12.22,2.31,6.89,5.88
10/7/2024,16:00,ECSW UTD,2,10000,39.91,4.79,21.14,35.46,18.58,9.3,9.69,3.36,2.46
10/7/2024,16:00,ECSW UTD,3,8000,36.87,4.42,21.79,32,16.07,11.48,9.06,3.73,5.88
10/7/2024,16:00,ECSW UTD,4,8000,44,5.28,21.65,32.6,16.53,10.78,10.21,4.98,3.26
10/7/2024,17:00,ECSW UTD,1,10000,39.18,4.7,21.96,33.98,17.45,9.98,8.76,1.44,6.44
10/7/2024,17:00,ECSW UTD,2,10000,40.01,4.8,21.26,36.25,19.53,7.85,7.49,4.01,3.61
10/7/2024,17:00,ECSW UTD,3,8000,44.15,5.3,22.4,33.66,12.56,12.87,6.31,5.85,6.35
10/7/2024,17:00,ECSW UTD,4,8000,46.8,5.62,19.27,26.56,17.03,15.07,11.61,6.01,4.45
10/8/2024,9:00,ECSW UTD,1,10000,44.04,5.28,17.98,30.82,15.94,12.07,13.46,5.76,3.97
10/8/2024,9:00,ECSW UTD,2,10000,39.87,4.78,18.9,32.85,16.28,10.28,9.53,3.85,8.31
10/8/2024,9:00,ECSW UTD,3,8000,40,4.8,22.05,32.38,16.89,12.85,6.91,4.06,4.85
10/8/2024,9:00,ECSW UTD,4,8000,33.27,3.99,19.43,30.74,17.72,11.14,8.88,7.09,5
10/8/2024,10:00,ECSW UTD,1,10000,41.95,5.03,21.58,33.29,15.08,5.59,8.43,8.55,7.47
10/8/2024,10:00,ECSW UTD,2,10000,44.83,5.38,22.97,30.85,15.74,8.96,7.53,6.37,7.57
10/8/2024,10:00,ECSW UTD,3,8000,39.3,4.72,23.21,36.46,19.69,8.64,4.14,4.74,3.11
10/8/2024,10:00,ECSW UTD,4,8000,37.46,4.5,20.76,30.65,18.86,11.22,9.06,6.58,2.87
10/8/2024,11:00,ECSW UTD,1,10000,45.2,5.42,22.17,35.01,14.36,7.7,10.76,6.43,3.57
10/8/2024,11:00,ECSW UTD,2,10000,35.65,4.28,23.13,28.72,19.01,8.52,9.65,4.52,6.45
10/8/2024,11:00,ECSW UTD,3,8000,37.28,4.47,22.17,33.89,14.64,12.94,7.86,5.12,3.39
10/8/2024,11:00,ECSW UTD,4,8000,27.19,3.26,19.7,34.97,16.64,10,7.51,5.07,6.12
10/8/2024,12:00,ECSW UTD,1,10000,34.1,4.09,21.89,30.95,16.19,10.71,7.92,6.25,6.09
10/8/2024,12:00,ECSW UTD,2,10000,38.23,4.59,20.91,33.5,20.07,8.34,5.62,5.91,5.66
10/8/2024,12:00,ECSW UTD,3,8000,40.87,4.9,23.37,33.71,20.51,7.75,7.24,5.47,1.95
10/8/2024,12:00,ECSW UTD,4,8000,39.12,4.69,25.44,32.77,16.86,8.16,7.38,4.63,4.76
10/8/2024,13:00,ECSW UTD,1,10000,46.41,5.57,21.81,28.7,16.01,11.36,10.62,8.43,3.07
10/8/2024,13:00,ECSW UTD,2,10000,86.91,10.43,20.4,34.39,13.22,12.44,10.78,3.29,5.47
10/8/2024,13:00,ECSW UTD,3,8000,40.19,4.82,23.32,33.06,12.94,9.85,9.31,7.36,4.15
10/8/2024,13:00,ECSW UTD,4,8000,50.94,6.11,18.7,33.31,17.11,11.07,6.39,6.8,6.62
10/8/2024,14:00,ECSW UTD,1,10000,40.24,4.83,23.25,32.8,13.24,9.64,9.36,5.99,5.72
10/8/2024,14:00,ECSW UTD,2,10000,42.74,5.13,20.9,33.35,17.91,10.91,6.12,3.41,7.39
10/8/2024,14:00,ECSW UTD,3,8000,46.96,5.64,22.96,31.3,12.94,10.26,11.43,6.41,4.71
10/8/2024,14:00,ECSW UTD,4,8000,43.14,5.18,20.02,32.8,14.71,12.54,10.81,5.38,3.73
10/8/2024,15:00,ECSW UTD,1,10000,39.9,4.79,23.62,35.26,19.46,10.53,6.04,2.87,2.23
10/8/2024,15:00,ECSW UTD,2,10000,41.24,4.95,21.71,32.29,17.29,13.24,7.29,6.22,1.97
10/8/2024,15:00,ECSW UTD,3,8000,46.89,5.63,20.61,33.64,16.25,8.18,9.49,6.39,5.44
10/8/2024,15:00,ECSW UTD,4,8000,32.3,3.88,22.91,29.73,19.37,8.02,9.48,6.27,4.22
10/8/2024,16:00,ECSW UTD,1,10000,47.06,5.65,24.13,36.81,10.13,13.6,6.73,4.9,3.71
10/8/2024,16:00,ECSW UTD,2,10000,38.17,4.58,21.3,30.61,16.74,12.78,7.4,4.12,7.05
10/8/2024,16:00,ECSW UTD,3,8000,45.19,5.42,23.54,30.78,17.36,11.2,11.07,4.22,1.83
10/8/2024,16:00,ECSW UTD,4,8000,43.45,5.21,17.53,33.62,15.26,9.35,7.66,8.76,7.82
10/8/2024,17:00,ECSW UTD,1,10000,38.74,4.65,24.62,30.82,13.94,12.97,10.13,4.51,3.02
10/8/2024,17:00,ECSW UTD,2,10000,47.3,5.68,17.8,30.97,16.62,14.63,9.42,6.41,4.15
10/8/2024,17:00,ECSW UTD,3,8000,42.84,5.14,21.66,28.74,17.77,12.8,10.29,5.43,3.31
10/8/2024,17:00,ECSW UTD,4,8000,28.45,3.41,19.73,31.23,16.5,11.3,7.62,6.97,6.65
10/9/2024,9:00,ECSW UTD,1,10000,37.89,4.55,22.88,31,17.23,7.93,5.95,7.63,7.37
10/9/2024,9:00,ECSW UTD,2,10000,43.17,5.18,22.53,28.16,16.58,12.18,7.74,3.99,8.81
10/9/2024,9:00,ECSW UTD,3,8000,68.88,8.27,21.64,32.89,16.71,11.38,8.38,5.19,3.81
10/9/2024,9:00,ECSW UTD,4,8000,43.49,5.22,23.42,34.82,15.68,6.4,11.46,4.54,3.68
10/9/2024,10:00,ECSW UTD,1,10000,43.47,5.22,19.78,33.06,16.71,11.7,5.42,7.64,5.68
10/9/2024,10:00,ECSW UTD,2,10000,38.15,4.58,23.88,31.13,18.62,9.35,6.23,2.3,8.5
10/9/2024,10:00,ECSW UTD,3,8000,36.85,4.42,25.51,32,12.81,8.59,11.58,5.19,4.32
10/9/2024,10:00,ECSW UTD,4,8000,40.8,4.9,22,33.77,18.75,9.72,5.6,4.37,5.78
10/9/2024,11:00,ECSW UTD,1,10000,35.18,4.22,20.57,34.91,16.95,11.45,7.37,5.16,3.58
10/9/2024,11:00,ECSW UTD,2,10000,85.47,10.26,26.66,33.56,14.1,10.08,8.06,1.82,5.73
10/9/2024,11:00,ECSW UTD,3,8000,44.74,5.37,19.29,33.39,17.47,10.88,9.26,5.97,3.73
10/9/2024,11:00,ECSW UTD,4,8000,47.49,5.7,23.23,33.44,17.58,7.07,10.17,6.52,1.99
10/9/2024,12:00,ECSW UTD,1,10000,38.93,4.67,20.64,33.47,16.52,8.31,11.44,5.11,4.51
10/9/2024,12:00,ECSW UTD,2,10000,38.36,4.6,18.91,33.62,18.06,10.42,9.98,3.69,5.33
10/9/2024,12:00,ECSW UTD,3,8000,41.58,4.99,22.27,29.27,15.43,14.59,7.67,5.5,5.27
10/9/2024,12:00,ECSW UTD,4,8000,47.84,5.74,24.03,33.65,13.89,11.41,9.72,3.83,3.47
10/9/2024,13:00,ECSW UTD,1,10000,48.53,5.82,20.01,34.27,17.53,11.16,9.18,2.27,5.58
10/9/2024,13:00,ECSW UTD,2,10000,47.09,5.65,21.73,30.82,18.74,9.79,6.88,5.4,6.64
10/9/2024,13:00,ECSW UTD,3,8000,31.41,3.77,20.38,31.33,14.33,12.1,9.2,9.2,3.47
10/9/2024,13:00,ECSW UTD,4,8000,44.15,5.3,22.29,33.21,13.56,13.74,10.38,5.01,1.8
10/9/2024,14:00,ECSW UTD,1,10000,36.55,4.39,20.89,32.98,15.63,10.97,7.57,8.87,3.09
10/9/2024,14:00,ECSW UTD,2,10000,36.5,4.38,20.92,34.2,14.22,11.3,9.16,3.97,6.23
10/9/2024,14:00,ECSW UTD,3,8000,34.96,4.2,20.76,35.29,13.65,6.67,10.59,8.29,4.75
10/9/2024,14:00,ECSW UTD,4,8000,36.66,4.4,24.66,31.04,13.75,12.79,8.98,7.99,0.81
10/9/2024,15:00,ECSW UTD,1,10000,33,3.96,20.3,31.26,16.92,10.49,8.44,4.28,8.29
10/9/2024,15:00,ECSW UTD,2,10000,34.48,4.14,21.59,29.21,16.75,8.26,9.89,5.45,8.85
10/9/2024,15:00,ECSW UTD,3,8000,38.59,4.63,23.9,32.6,16.53,11.71,5.67,2.48,7.11
10/9/2024,15:00,ECSW UTD,4,8000,39.27,4.71,21.21,32.16,15.34,11.53,10.02,0.92,8.82
10/9/2024,16:00,ECSW UTD,1,10000,46.71,5.61,16.75,35.13,18.68,10.92,5.9,7.68,4.93
10/9/2024,16:00,ECSW UTD,2,10000,42.74,5.13,26.25,32.76,14.14,10.02,6.9,6.3,3.64
10/9/2024,16:00,ECSW UTD,3,8000,37.64,4.52,20.74,35.38,18.27,5.51,10.14,5.84,4.13
10/9/2024,16:00,ECSW UTD,4,8000,50.14,6.02,22.24,28.22,16.92,12.67,8.39,5.81,5.76
10/9/2024,17:00,ECSW UTD,1,10000,29.57,3.55,20.24,30.45,18.42,11,7.64,4.97,7.27
10/9/2024,17:00,ECSW UTD,2,10000,39.08,4.69,19.94,31.57,18.1,11.78,8.67,5.77,4.16
10/9/2024,17:00,ECSW UTD,3,8000,39.03,4.68,22.02,34.69,20.87,9.25,7.81,2.94,2.43
10/9/2024,17:00,ECSW UTD,4,8000,39.07,4.69,18.21,32.53,14.01,12.21,9.64,4.45,8.95
10/10/2024,9:00,ECSW UTD,1,10000,64.76,7.77,21.76,29.21,16.93,10.78,9.05,4.88,7.39
10/10/2024,9:00,ECSW UTD,2,10000,42.05,5.05,19.21,34.48,17.23,9.58,7.4,5.88,6.23
10/10/2024,9:00,ECSW UTD,3,8000,40.99,4.92,20.59,33.35,17.12,10.36,9.87,2.93,5.79
10/10/2024,9:00,ECSW UTD,4,8000,49.05,5.89,23.78,34.41,16.65,9.51,7.82,5.18,2.66
10/10/2024,10:00,ECSW UTD,1,10000,40.08,4.81,21.91,28.33,18.13,11.08,10.11,3.7,6.74
10/10/2024,10:00,ECSW UTD,2,10000,34.54,4.14,23.83,33.2,17.62,8.37,6.8,6.78,3.4
10/10/2024,10:00,ECSW UTD,3,8000,42.32,5.08,18.84,34.59,13.68,12.12,10.1,3.94,6.73
10/10/2024,10:00,ECSW UTD,4,8000,41.3,4.96,22.74,33.63,13.31,12.86,5.85,6.24,5.38
10/10/2024,11:00,ECSW UTD,1,10000,43.4,5.21,21,31.76,17.82,11.55,9.35,6.43,2.09
10/10/2024,11:00,ECSW UTD,2,10000,43.78,5.25,22.37,29.47,15.29,10.46,8.15,5.97,8.29
10/10/2024,11:00,ECSW UTD,3,8000,45.41,5.45,16.82,30.24,17.09,10.43,9.86,8.74,6.82
10/10/2024,11:00,ECSW UTD,4,8000,41.25,4.95,22.25,30.51,15.16,9.36,11.21,3.39,8.12
10/10/2024,12:00,ECSW UTD,1,10000,42.5,5.1,19.37,34.6,12.16,12.67,11,4.3,5.91
10/10/2024,12:00,ECSW UTD,2,10000,49.77,5.97,18.71,27.48,17.7,13.72,7.89,6.92,7.57
10/10/2024,12:00,ECSW UTD,3,8000,36.29,4.35,19,32.42,18.34,11.11,6.23,8.96,3.93
10/10/2024,12:00,ECSW UTD,4,8000,38.32,4.6,20.39,32.63,16.47,10.67,8.8,5.01,6.03
10/10/2024,13:00,ECSW UTD,1,10000,27.35,3.28,19.88,31.23,13.01,11.04,7.78,8.72,8.35
10/10/2024,13:00,ECSW UTD,2,10000,37.67,4.52,22.01,33.35,15.75,11.61,7.24,3.06,6.98
10/10/2024,13:00,ECSW UTD,3,8000,77.09,9.25,19.79,32.9,16.3,13.33,8.35,4.99,4.34
10/10/2024,13:00,ECSW UTD,4,8000,41.72,5.01,24.18,33.62,17.17,10.18,7.73,1.81,5.32
10/10/2024,14:00,ECSW UTD,1,10000,31.49,3.78,21.8,32.89,19.55,9.11,7.4,4.84,4.39
10/10/2024,14:00,ECSW UTD,2,10000,46.85,5.62,20.26,33.42,17.9,13.44,8.27,1.33,5.37
10/10/2024,14:00,ECSW UTD,3,8000,46.76,5.61,23.28,34.5,14.58,8.68,9.1,2.43,7.43
10/10/2024,14:00,ECSW UTD,4,8000,35.77,4.29,23.27,30.59,16.58,8.9,3.91,7.1,9.66
10/10/2024,15:00,ECSW UTD,1,10000,45.65,5.48,22.61,30.87,17.58,13.17,8.76,2.78,4.23
10/10/2024,15:00,ECSW UTD,2,10000,48.51,5.82,23.07,27.14,14.02,10.63,11.7,5.18,8.26
10/10/2024,15:00,ECSW UTD,3,8000,37.37,4.48,17.57,31.73,17.16,11.51,6,4.7,11.34
10/10/2024,15:00,ECSW UTD,4,8000,33.83,4.06,23.99,29.04,18.82,9.24,9.91,2.72,6.28
10/10/2024,16:00,ECSW UTD,1,10000,35.46,4.26,19.97,33.21,15.2,11.57,8.19,5.52,6.33
10/10/2024,16:00,ECSW UTD,2,10000,38.25,4.59,19.44,31.24,18.78,11.05,6.81,6.27,6.41
10/10/2024,16:00,ECSW UTD,3,8000,42.6,5.11,20.04,31.81,15.16,10.31,10.08,6.21,6.39
10/10/2024,16:00,ECSW UTD,4,8000,46.77,5.61,23.4,32.52,13.82,9.38,8.18,7.29,5.41
10/10/2024,17:00,ECSW UTD,1,10000,36.72,4.41,19.84,31.96,17.96,14.11,8.12,5.26,2.75
10/10/2024,17:00,ECSW UTD,2,10000,49.7,5.96,18.36,34.53,15.24,9.4,6.17,10.49,5.81
10/10/2024,17:00,ECSW UTD,3,8000,40.11,4.81,23.03,30.36,15.87,10.7,7.38,7.83,4.83
10/10/2024,17:00,ECSW UTD,4,8000,32.23,3.87,21.59,33.94,14.7,9.32,7.69,8.28,4.48
10/11/2024,9:00,ECSW UTD,1,10000,47.15,5.66,20.29,33.13,15.25,12.44,6.23,7.01,5.65
10/11/2024,9:00,ECSW UTD,2,10000,36.8,4.42,21.01,35.33,16.32,9.18,5.97,6.42,5.76
10/11/2024,9:00,ECSW UTD,3,8000,43.48,5.22,19.43,31.47,19.68,12.14,10.32,3.5,3.46
10/11/2024,9:00,ECSW UTD,4,8000,44.96,5.4,26.16,32.97,14.74,11.59,7.59,3.98,2.96
10/11/2024,10:00,ECSW UTD,1,10000,37.66,4.52,20.41,32.08,17.99,11.41,10.35,1.96,5.79
10/11/2024,10:00,ECSW UTD,2,10000,50.38,6.05,19.23,31.61,16.61,11.72,8.32,6.12,6.39
10/11/2024,10:00,ECSW UTD,3,8000,43.18,5.18,21.02,31.45,14.07,11.19,10.87,3.3,8.1
10/11/2024,10:00,ECSW UTD,4,8000,37.49,4.5,21.95,32.7,12.96,12.07,13.19,5.63,1.5
10/11/2024,11:00,ECSW UTD,1,10000,84.9,10.19,17.8,33.82,16.16,13.31,6.7,6.47,5.74
10/11/2024,11:00,ECSW UTD,2,10000,41.32,4.96,24.43,34.09,16.88,7.25,6.59,5.15,5.62
10/11/2024,11:00,ECSW UTD,3,8000,34.35,4.12,24.82,33.02,16.2,10.14,7.57,3.1,5.15
10/11/2024,11:00,ECSW UTD,4,8000,41.29,4.95,19.84,34.74,16.64,7,7.11,4.73,9.94
10/11/2024,12:00,ECSW UTD,1,10000,42.78,5.13,18.86,33.7,12.96,13.24,7.68,5.24,8.33
10/11/2024,12:00,ECSW UTD,2,10000,33.56,4.03,20.83,34.9,20.67,8.43,2.83,4.96,7.39
10/11/2024,12:00,ECSW UTD,3,8000,46,5.52,21.12,32.3,19.16,6.93,8,5.96,6.53
10/11/2024,12:00,ECSW UTD,4,8000,37.45,4.49,23.14,28.85,15.78,12.58,6.96,5.9,6.8
10/11/2024,13:00,ECSW UTD,1,10000,38.29,4.59,22.15,30.58,15.89,12.22,9.06,4.17,5.93
10/11/2024,13:00,ECSW UTD,2,10000,43.57,5.23,17.74,36.06,15.99,12.11,11.6,2.52,4
10/11/2024,13:00,ECSW UTD,3,8000,38.56,4.63,20.64,37.48,14.88,9.96,9.42,2.91,4.71
10/11/2024,13:00,ECSW UTD,4,8000,41.59,4.99,20.96,32.32,15.11,7.56,9.37,9.22,5.46
10/11/2024,14:00,ECSW UTD,1,10000,41.13,4.94,21.15,27.17,18.21,10.29,11.14,3.5,8.54
10/11/2024,14:00,ECSW UTD,2,10000,43.88,5.27,23.3,33.63,16.01,13.69,9.14,1.18,3.05
10/11/2024,14:00,ECSW UTD,3,8000,39.07,4.69,22.86,33.13,19.33,6.76,9.19,1.51,7.23
10/11/2024,14:00,ECSW UTD,4,8000,39.53,4.74,21.09,28.61,17.77,12.23,9.28,4.8,6.23
10/11/2024,15:00,ECSW UTD,1,10000,36.47,4.38,22.16,33.99,17.5,8.72,8.9,2.46,6.27
10/11/2024,15:00,ECSW UTD,2,10000,42.25,5.07,19.21,32.7,17.05,11.11,6.59,6.83,6.5
10/11/2024,15:00,ECSW UTD,3,8000,39.03,4.68,19.47,33.8,19.28,9.51,7.13,6.3,4.51
10/11/2024,15:00,ECSW UTD,4,8000,39.3,4.72,23.25,28.35,19.09,10.98,7.77,5.22,5.33
10/11/2024,16:00,ECSW UTD,1,10000,31.34,3.76,23.64,30.94,16.34,12.24,6.13,6.12,4.59
10/11/2024,16:00,ECSW UTD,2,10000,44.23,5.31,18.24,34.53,15.98,12.59,10.36,4.15,4.14
10/11/2024,16:00,ECSW UTD,3,8000,39.45,4.73,22.69,39.48,17.77,5.22,9.03,3.64,2.17
10/11/2024,16:00,ECSW UTD,4,8000,33.81,4.06,21.53,34.78,16.64,9.36,9.49,4.35,3.85
10/11/2024,17:00,ECSW UTD,1,10000,34.23,4.11,18.89,33.46,17.54,11.23,8.21,3.56,7.12
10/11/2024,17:00,ECSW UTD,2,10000,33.41,4.01,23.92,31.08,14.98,7.84,7.77,7.72,6.69
10/11/2024,17:00,ECSW UTD,3,8000,85.16,10.22,22.64,33.31,14.64,13.77,6.15,4.57,4.93
10/11/2024,17:00,ECSW UTD,4,8000,43.03,5.16,23.53,33.98,16.35,9.99,4.6,2.51,9.03
10/12/2024,9:00,ECSW UTD,1,10000,10.82,1.3,18.32,32.09,15.33,11.78,9.03,7.89,5.56
10/12/2024,9:00,ECSW UTD,2,10000,23.32,2.8,18.93,31.81,14.5,9.28,9.99,6.94,8.55
10/12/2024,9:00,ECSW UTD,3,8000,28.12,3.37,23.05,28.03,19.69,12.49,6.83,6.82,3.09
10/12/2024,9:00,ECSW UTD,4,8000,23.09,2.77,19.7,32.19,18.62,13.78,9.81,5.02,0.87
10/12/2024,10:00,ECSW UTD,1,10000,18.95,2.27,22.9,31.93,16.26,10.47,8,5.6,4.84
10/12/2024,10:00,ECSW UTD,2,10000,27.22,3.27,16.67,30.92,14.18,11.16,8.72,8.82,9.52
10/12/2024,10:00,ECSW UTD,3,8000,16.13,1.94,22.25,33.81,14.91,12.52,8.37,3.19,4.94
10/12/2024,10:00,ECSW UTD,4,8000,15.01,1.8,21.11,32.32,14.81,9.77,7.94,7.04,7
10/12/2024,11:00,ECSW UTD,1,10000,19.42,2.33,20.87,31.86,12.95,12.64,11.67,7.46,2.55
10/12/2024,11:00,ECSW UTD,2,10000,10.15,1.22,22.54,29.97,16.39,13.75,7.04,4.47,5.84
10/12/2024,11:00,ECSW UTD,3,8000,13.51,1.62,19.22,31.24,14.97,11.66,14.07,5.4,3.45
10/12/2024,11:00,ECSW UTD,4,8000,27.09,3.25,19.9,32.2,16.34,11.16,8,5.84,6.56
10/12/2024,12:00,ECSW UTD,1,10000,25.34,3.04,21.5,30.76,18.14,8.91,5.04,7.89,7.76
10/12/2024,12:00,ECSW UTD,2,10000,16.04,1.92,19.28,28.28,15.72,13.52,9.44,7.1,6.67
10/12/2024,12:00,ECSW UTD,3,8000,20,2.4,22.64,32.16,18.26,9.27,4.62,7.24,5.82
10/12/2024,12:00,ECSW UTD,4,8000,18.52,2.22,19.19,34.51,13.48,8.15,8.03,7.24,9.39
10/12/2024,13:00,ECSW UTD,1,10000,23.29,2.79,18.84,36.62,16.14,8.98,6.3,7.2,5.91
10/12/2024,13:00,ECSW UTD,2,10000,21.73,2.61,22.72,28.58,17.85,9.02,12.41,6.24,3.18
10/12/2024,13:00,ECSW UTD,3,8000,9.87,1.18,22.24,30.09,15.11,11.86,10.31,7.66,2.73
10/12/2024,13:00,ECSW UTD,4,8000,53.02,6.36,20.43,34,15.97,9.72,7.94,6.35,5.59
10/12/2024,14:00,ECSW UTD,1,10000,17.03,2.04,24.03,36.85,13.13,13.34,7.38,3.29,1.99
10/12/2024,14:00,ECSW UTD,2,10000,11.03,1.32,18.56,30.69,20.3,9.61,8.97,6.23,5.65
10/12/2024,14:00,ECSW UTD,3,8000,19.61,2.35,19.74,36.88,20.86,7.44,6.67,4.98,3.44
10/12/2024,14:00,ECSW UTD,4,8000,22.53,2.7,18.21,33.72,17.07,10.24,9.87,7.08,3.8
10/12/2024,15:00,ECSW UTD,1,10000,15.92,1.91,22.37,35.21,16.96,7.6,7.1,5.39,5.38
10/12/2024,15:00,ECSW UTD,2,10000,29.86,3.58,17.22,30.99,17.96,14.53,7.19,5.98,6.13
10/12/2024,15:00,ECSW UTD,3,8000,20.98,2.52,21.09,32.89,10.58,12.11,8.79,4.85,9.69
10/12/2024,15:00,ECSW UTD,4,8000,16.63,2,20.16,35.69,14.01,9.35,8.09,7.02,5.69
10/12/2024,16:00,ECSW UTD,1,10000,13.54,1.62,20.85,31.69,16.34,11.95,9.73,1.59,7.85
10/12/2024,16:00,ECSW UTD,2,10000,21.26,2.55,22.03,29.89,16.65,10.58,10.35,5.85,4.65
10/12/2024,16:00,ECSW UTD,3,8000,31.36,3.76,24.08,34.44,13.76,8.21,9.49,5.85,4.17
10/12/2024,16:00,ECSW UTD,4,8000,35.74,4.29,25.62,31.85,17.1,8.36,8.38,4.38,4.31
10/12/2024,17:00,ECSW UTD,1,10000,17.31,2.08,23.81,36.9,12.07,6.33,8.84,5.56,6.49
10/12/2024,17:00,ECSW UTD,2,10000,16.36,1.96,20.98,31.71,14.18,12.6,8.76,6.39,5.38
10/12/2024,17:00,ECSW UTD,3,8000,30.52,3.66,22.86,31.3,17.95,7.25,8.89,6.08,5.68
10/12/2024,17:00,ECSW UTD,4,8000,18.33,2.2,21.08,33.33,17.83,9.12,13.53,0,5.11
10/13/2024,9:00,ECSW UTD,1,10000,20.55,2.47,22.39,30.01,18.4,7.68,7.32,6.65,7.54
10/13/2024,9:00,ECSW UTD,2,10000,12.98,1.56,26.8,29.88,13.11,11.66,7.74,4.25,6.56
10/13/2024,9:00,ECSW UTD,3,8000,12.36,1.48,17.36,30.13,17.94,9.3,11.71,7.74,5.82
10/13/2024,9:00,ECSW UTD,4,8000,21.7,2.6,23.29,34.34,16.16,10.76,6.64,0.66,8.16
10/13/2024,10:00,ECSW UTD,1,10000,20.79,2.49,22.24,34.23,14.83,8.89,8.26,8.6,2.96
10/13/2024,10:00,ECSW UTD,2,10000,6.86,0.82,20.75,35.34,12.62,8.36,9.33,11.1,2.5
10/13/2024,10:00,ECSW UTD,3,8000,13.02,1.56,21.26,33.33,14.14,6.95,9.12,6.41,8.8
10/13/2024,10:00,ECSW UTD,4,8000,23.28,2.79,22.17,30.18,20.36,9.42,6.94,8.83,2.1
10/13/2024,11:00,ECSW UTD,1,10000,10.76,1.29,21.91,32.48,15.75,12.98,6.7,5.55,4.63
10/13/2024,11:00,ECSW UTD,2,10000,15.54,1.86,20.93,33.38,20.26,11.75,3.14,5.18,5.37
10/13/2024,11:00,ECSW UTD,3,8000,24.68,2.96,20.2,32.24,15.65,13.01,7.06,5.24,6.6
10/13/2024,11:00,ECSW UTD,4,8000,17.14,2.06,21.26,33.17,15.58,12.75,5,2.18,10.07
10/13/2024,12:00,ECSW UTD,1,10000,16.37,1.96,22.4,29.67,16.67,9.4,5.35,8.42,8.09
10/13/2024,12:00,ECSW UTD,2,10000,19.46,2.34,21.52,33.07,16.15,10.72,8.21,6.16,4.18
10/13/2024,12:00,ECSW UTD,3,8000,18.62,2.23,22.29,30.98,15.22,10.66,10.98,2.92,6.95
10/13/2024,12:00,ECSW UTD,4,8000,23.96,2.88,23.53,30.96,12.67,12.13,9.14,7.65,3.93
10/13/2024,13:00,ECSW UTD,1,10000,23.8,2.86,22.29,30.06,15.96,10.85,6.41,6.11,8.31
10/13/2024,13:00,ECSW UTD,2,10000,20.11,2.41,19.99,33.51,13.39,14.73,11.16,4.68,2.53
10/13/2024,13:00,ECSW UTD,3,8000,15.83,1.9,21.26,34.32,17.21,14.4,7.51,2.25,3.05
10/13/2024,13:00,ECSW UTD,4,8000,19.88,2.39,20.26,32.14,15.39,13.09,7.46,4.64,7.03
10/13/2024,14:00,ECSW UTD,1,10000,17.18,2.06,20.96,30.83,15.37,7.77,10.52,9.49,5.05
10/13/2024,14:00,ECSW UTD,2,10000,14.77,1.77,20.43,32.57,14.02,9.92,8.84,7.54,6.67
10/13/2024,14:00,ECSW UTD,3,8000,24.08,2.89,19.97,32.13,14.14,12.19,10.75,6.37,4.45
10/13/2024,14:00,ECSW UTD,4,8000,18.98,2.28,24.66,30.6,17.86,11.15,7.66,2.41,5.66
10/13/2024,15:00,ECSW UTD,1,10000,20.46,2.46,23.51,28.16,19.5,10.71,8.72,3.8,5.6
10/13/2024,15:00,ECSW UTD,2,10000,22.37,2.68,22.94,29.4,18.68,11.24,9.66,4.78,3.3
10/13/2024,15:00,ECSW UTD,3,8000,20.36,2.44,22.62,30.23,18.41,13.31,7.26,3.28,4.88
10/13/2024,15:00,ECSW UTD,4,8000,20.12,2.41,23.06,35.39,18.29,8.6,6.51,0,8.15
10/13/2024,16:00,ECSW UTD,1,10000,20.08,2.41,23.87,29.95,16.26,11.27,7.43,2.05,9.17
10/13/2024,16:00,ECSW UTD,2,10000,27,3.24,21.36,34.44,15.58,8.89,12.94,1.88,4.92
10/13/2024,16:00,ECSW UTD,3,8000,20.42,2.45,24.38,33.27,12.2,10.46,8.41,4.75,6.53
10/13/2024,16:00,ECSW UTD,4,8000,12.95,1.55,20.09,32.43,17.14,10.79,7.78,4.99,6.79
10/13/2024,17:00,ECSW UTD,1,10000,20.17,2.42,20.16,30.98,13.53,14.53,10.82,5.39,4.6
10/13/2024,17:00,ECSW UTD,2,10000,17.13,2.06,21.6,32.92,13.43,11.95,7.84,4.45,7.8
10/13/2024,17:00,ECSW UTD,3,8000,19.95,2.39,23.83,35.29,13.6,12.24,7.96,2.5,4.59
10/13/2024,17:00,ECSW UTD,4,8000,17.37,2.08,26.1,32.98,15.88,12.39,6.33,4.36,1.98
10/14/2024,9:00,ECSW UTD,1,10000,44.6,5.35,22.07,34.09,19.15,9.73,8.39,3.28,3.28
10/14/2024,9:00,ECSW UTD,2,10000,35.4,4.25,20.96,32.22,17.17,9.06,9.52,6.58,4.48
10/14/2024,9:00,ECSW UTD,3,8000,35.98,4.32,21.59,31.68,16.53,14.06,8.71,3.98,3.44
10/14/2024,9:00,ECSW UTD,4,8000,35.74,4.29,20.35,37.98,12.56,13.08,7.47,4.74,3.82
10/14/2024,10:00,ECSW UTD,1,10000,47.23,5.67,21.49,33.88,18.88,11.08,6.02,4.89,3.77
10/14/2024,10:00,ECSW UTD,2,10000,37.48,4.5,21.09,31.66,16.85,11.83,8.23,6.18,4.15
10/14/2024,10:00,ECSW UTD,3,8000,46.57,5.59,20.47,35.15,13.07,10.02,7.96,6.03,7.29
10/14/2024,10:00,ECSW UTD,4,8000,33.75,4.05,19.65,30.04,19.49,11.7,6.44,4.54,8.13
10/14/2024,11:00,ECSW UTD,1,10000,38.61,4.63,20.29,29.85,13.59,12.98,11.91,3.18,8.2
10/14/2024,11:00,ECSW UTD,2,10000,37.56,4.51,21.58,33.62,15.07,9.57,9.84,2.85,7.47
10/14/2024,11:00,ECSW UTD,3,8000,40.71,4.89,22.42,34.25,14.55,10.62,8.89,3.42,5.84
10/14/2024,11:00,ECSW UTD,4,8000,42.36,5.08,19.1,30.58,13.07,11.72,8.05,7.9,9.59
10/14/2024,12:00,ECSW UTD,1,10000,37.65,4.52,20.22,31.17,17.1,13.36,7.07,6.09,4.99
10/14/2024,12:00,ECSW UTD,2,10000,102.59,12.31,26.14,30.59,16.59,12.04,9.48,1.49,3.66
10/14/2024,12:00,ECSW UTD,3,8000,39.68,4.76,22.44,27.27,15.63,10.96,10.33,6.8,6.57
10/14/2024,12:00,ECSW UTD,4,8000,36,4.32,16.82,30.36,17.67,13.29,9.79,6.09,5.99
10/14/2024,13:00,ECSW UTD,1,10000,37.22,4.47,20.43,34.51,13.57,13.69,7.61,7.92,2.26
10/14/2024,13:00,ECSW UTD,2,10000,42.93,5.15,21.47,31.49,17.89,13.93,7.31,2.32,5.58
10/14/2024,13:00,ECSW UTD,3,8000,39.56,4.75,21.95,33.19,15.48,14.26,8.79,4.48,1.85
10/14/2024,13:00,ECSW UTD,4,8000,38.69,4.64,19.81,32.72,16.32,7.83,8.55,6.5,8.26
10/14/2024,14:00,ECSW UTD,1,10000,44.44,5.33,23.14,32.38,16.96,13.44,5.74,4.62,3.71
10/14/2024,14:00,ECSW UTD,2,10000,41.9,5.03,24.3,31.17,11.06,9.93,10.63,6.57,6.34
10/14/2024,14:00,ECSW UTD,3,8000,38.6,4.63,18.77,33.39,14.35,15.46,9.84,4.13,4.06
10/14/2024,14:00,ECSW UTD,4,8000,39.54,4.74,19.7,32.53,15.52,8.62,11.89,5.15,6.6
10/14/2024,15:00,ECSW UTD,1,10000,36.96,4.44,22.01,32.51,11.91,14.9,11.23,4.47,2.97
10/14/2024,15:00,ECSW UTD,2,10000,92.98,11.16,20.79,31.08,15.71,7.68,9.03,7.45,8.26
10/14/2024,15:00,ECSW UTD,3,8000,38.75,4.65,27.2,28.16,17.09,7.81,8.9,4.3,6.54
10/14/2024,15:00,ECSW UTD,4,8000,39.37,4.72,19.97,30.99,20.53,11.85,5,6.64,5.02
10/14/2024,16:00,ECSW UTD,1,10000,40.02,4.8,22.81,34.12,14,10.48,7.28,6.53,4.78
10/14/2024,16:00,ECSW UTD,2,10000,40.15,4.82,19.9,30.46,18.82,15.11,8.95,4.91,1.85
10/14/2024,16:00,ECSW UTD,3,8000,36.2,4.34,21.42,30.99,14.95,14.26,8.74,5.68,3.96
10/14/2024,16:00,ECSW UTD,4,8000,45.89,5.51,20.78,30.74,12.57,10.49,7.32,8.88,9.22
10/14/2024,17:00,ECSW UTD,1,10000,33.82,4.06,19.52,32.38,14.7,11.47,8.08,6.11,7.73
10/14/2024,17:00,ECSW UTD,2,10000,73.9,8.87,25.02,31.51,10.61,9.54,11.28,6.86,5.18
10/14/2024,17:00,ECSW UTD,3,8000,39.89,4.79,20.25,33.07,17.98,7.36,9.35,7.46,4.53
10/14/2024,17:00,ECSW UTD,4,8000,43.5,5.22,25.78,29.97,15.88,8.58,8.41,5.96,5.42
10/15/2024,9:00,ECSW UTD,1,10000,72.65,8.72,20.47,29.08,17.9,10.69,9.71,5.52,6.64
10/15/2024,9:00,ECSW UTD,2,10000,38.02,4.56,19.4,33.12,18.13,8.59,7.19,4.91,8.66
10/15/2024,9:00,ECSW UTD,3,8000,42.82,5.14,20.22,34.74,16.91,8.92,9.08,5.15,4.98
10/15/2024,9:00,ECSW UTD,4,8000,37.96,4.56,24.28,30.98,15.98,10.46,7.4,5.46,5.43
10/15/2024,10:00,ECSW UTD,1,10000,40.4,4.85,19.55,31.64,17.66,10.31,8.9,5.7,6.24
10/15/2024,10:00,ECSW UTD,2,10000,42.79,5.13,20.71,29.7,13.24,12.68,10.05,6.64,6.98
10/15/2024,10:00,ECSW UTD,3,8000,39.19,4.7,20.65,30.89,14.12,13.69,7.73,7.83,5.1
10/15/2024,10:00,ECSW UTD,4,8000,36.62,4.39,18.88,30.55,18.9,8.3,12.97,3.52,6.89
10/15/2024,11:00,ECSW UTD,1,10000,39.27,4.71,23.35,33.12,17.86,9.27,5.59,6.32,4.5
10/15/2024,11:00,ECSW UTD,2,10000,48.42,5.81,23.99,36.42,14.87,11.2,3.01,4.84,5.67
10/15/2024,11:00,ECSW UTD,3,8000,40.77,4.89,21.53,32.57,10.35,11.36,9.69,8.3,6.2
10/15/2024,11:00,ECSW UTD,4,8000,39.35,4.72,25.79,29.37,16.22,9.83,9.21,0.7,8.87
10/15/2024,12:00,ECSW UTD,1,10000,38.75,4.65,21.68,31.98,18.41,6.59,8.64,7.66,5.05
10/15/2024,12:00,ECSW UTD,2,10000,35.24,4.23,20.86,32.42,15.05,10.76,12.23,4.22,4.47
10/15/2024,12:00,ECSW UTD,3,8000,77.96,9.36,20.53,31.32,16.31,14.24,7.64,5.8,4.16
10/15/2024,12:00,ECSW UTD,4,8000,35.77,4.29,20.05,30.93,16.74,15.65,6.99,4.44,5.19
10/15/2024,13:00,ECSW UTD,1,10000,41.98,5.04,24.28,38.52,12,6.18,8.29,8.51,2.21
10/15/2024,13:00,ECSW UTD,2,10000,24.96,3,24.16,34.84,14.65,9.18,6.93,5.97,4.28
10/15/2024,13:00,ECSW UTD,3,8000,42.47,5.1,17.95,35.53,16.01,11.92,8.7,8.28,1.61
10/15/2024,13:00,ECSW UTD,4,8000,40.23,4.83,23.25,37.12,15.46,11.73,4.84,0.24,7.37
10/15/2024,14:00,ECSW UTD,1,10000,39.97,4.8,22.63,27.58,16.24,13.9,8.95,5.62,5.08
10/15/2024,14:00,ECSW UTD,2,10000,32.15,3.86,24.64,31.22,17.37,7.46,6.12,8.54,4.67
10/15/2024,14:00,ECSW UTD,3,8000,47.27,5.67,22.52,29.86,19.05,10.01,10.66,5.73,2.17
10/15/2024,14:00,ECSW UTD,4,8000,40.82,4.9,24.62,31.28,15.02,12.26,8.5,5.47,2.84
10/15/2024,15:00,ECSW UTD,1,10000,91.32,10.96,25.34,32.71,16.68,6.29,7.11,4.87,7
10/15/2024,15:00,ECSW UTD,2,10000,36.25,4.35,19.44,29.12,15.33,15.44,9.48,7.64,3.55
10/15/2024,15:00,ECSW UTD,3,8000,32.13,3.86,23.01,39.06,14.43,10.47,8.95,3.09,0.99
10/15/2024,15:00,ECSW UTD,4,8000,41.45,4.97,20.86,32.77,13.27,11.96,11.48,5.74,3.92
10/15/2024,16:00,ECSW UTD,1,10000,40.73,4.89,20.32,30.83,17.8,10.57,11.32,4.47,4.69
10/15/2024,16:00,ECSW UTD,2,10000,37.17,4.46,19.35,34.46,21.11,10.06,7.23,3.82,3.97
10/15/2024,16:00,ECSW UTD,3,8000,48.25,5.79,22.02,34.2,14.85,12.56,9.33,3.23,3.81
10/15/2024,16:00,ECSW UTD,4,8000,47.66,5.72,21.56,32.46,16.35,13.74,6.35,4.52,5.01
10/15/2024,17:00,ECSW UTD,1,10000,31.39,3.77,19.97,35.28,18.16,13.05,7.5,4.47,1.57
10/15/2024,17:00,ECSW UTD,2,10000,44.66,5.36,22.06,31.98,18.1,10.78,11.05,4.57,1.46
10/15/2024,17:00,ECSW UTD,3,8000,44.3,5.32,17.67,32.71,18.23,11.48,13.54,1.15,5.21
10/15/2024,17:00,ECSW UTD,4,8000,40.09,4.81,20.78,33.23,15.97,9.36,9.34,4.55,6.76
10/16/2024,9:00,ECSW UTD,1,10000,43.25,5.19,20.64,28.45,15.18,11.77,8.67,8.5,6.79
10/16/2024,9:00,ECSW UTD,2,10000,48.59,5.83,18.12,36.43,17.32,11.76,7.71,6.99,1.67
10/16/2024,9:00,ECSW UTD,3,8000,42.02,5.04,20.17,31.69,17.35,11.1,11.05,3.35,5.29
10/16/2024,9:00,ECSW UTD,4,8000,103.46,12.42,23.95,33.13,17.79,10.15,8.31,4.19,2.47
10/16/2024,10:00,ECSW UTD,1,10000,40.73,4.89,22.19,32.53,17.44,11.16,7.27,7,2.4
10/16/2024,10:00,ECSW UTD,2,10000,35.5,4.26,18.6,33.1,17.38,11.29,10.44,3.34,5.86
10/16/2024,10:00,ECSW UTD,3,8000,39.37,4.72,22.82,31.31,14.97,11.66,10.26,3.85,5.13
10/16/2024,10:00,ECSW UTD,4,8000,34.71,4.17,18.5,37.48,20,12.98,5.06,5.3,0.69
10/16/2024,11:00,ECSW UTD,1,10000,46.85,5.62,19.77,36.05,18.73,9.09,6.36,6.32,3.67
10/16/2024,11:00,ECSW UTD,2,10000,40.51,4.86,22.76,31.61,12.6,12.5,8.22,4.66,7.64
10/16/2024,11:00,ECSW UTD,3,8000,45.87,5.5,20.93,31.54,17.21,7.84,9.08,6.57,6.84
10/16/2024,11:00,ECSW UTD,4,8000,30.32,3.64,20.11,30.74,16.54,11.93,11.96,4.36,4.36
10/16/2024,12:00,ECSW UTD,1,10000,45.75,5.49,22.89,36.17,17.32,8.54,5.93,2.11,7.03
10/16/2024,12:00,ECSW UTD,2,10000,45.94,5.51,23.75,31.76,17.37,8.86,5.7,6.72,5.85
10/16/2024,12:00,ECSW UTD,3,8000,40.54,4.86,20.09,29.64,16.99,12.18,8.79,6.47,5.83
10/16/2024,12:00,ECSW UTD,4,8000,37.69,4.52,23.53,29.76,18.71,8.32,9.37,3.62,6.68
10/16/2024,13:00,ECSW UTD,1,10000,39.83,4.78,18.65,34.22,15.36,13.05,8.88,6.42,3.42
10/16/2024,13:00,ECSW UTD,2,10000,37.05,4.45,20.98,34.86,20.18,9.22,11.16,0.73,2.87
10/16/2024,13:00,ECSW UTD,3,8000,35.21,4.23,19.17,29.75,17.55,10.61,9.71,7.07,6.13
10/16/2024,13:00,ECSW UTD,4,8000,43.29,5.19,22.73,31.62,19.59,10.1,7.01,5.32,3.63
10/16/2024,14:00,ECSW UTD,1,10000,37.91,4.55,20.92,31.04,13.35,9.12,10.26,6.06,9.25
10/16/2024,14:00,ECSW UTD,2,10000,45.9,5.51,23.45,28.64,17.39,10.41,7.26,5.61,7.25
10/16/2024,14:00,ECSW UTD,3,8000,42.5,5.1,19.75,34.08,14.86,11.29,8,4.94,7.07
10/16/2024,14:00,ECSW UTD,4,8000,34.8,4.18,25.51,28.15,14.74,11.47,9.79,5.12,5.22
10/16/2024,15:00,ECSW UTD,1,10000,42.05,5.05,20.34,34.13,17.36,12.23,6.32,5.04,4.58
10/16/2024,15:00,ECSW UTD,2,10000,34.97,4.2,22.07,30.8,17.37,8.37,12.18,3.42,5.79
10/16/2024,15:00,ECSW UTD,3,8000,43.96,5.28,20.44,34.37,13.6,13.99,8.7,4.13,4.77
10/16/2024,15:00,ECSW UTD,4,8000,44.04,5.28,20.53,31.08,15.87,8.34,12.69,4.22,7.27
10/16/2024,16:00,ECSW UTD,1,10000,41.05,4.93,18.31,30.45,16.82,9.77,10.55,7.15,6.94
10/16/2024,16:00,ECSW UTD,2,10000,37.7,4.52,20.49,33.05,17.68,12.74,4.2,5.72,6.11
10/16/2024,16:00,ECSW UTD,3,8000,38.61,4.63,21.23,28.99,16.56,8.99,9.28,7.77,7.17
10/16/2024,16:00,ECSW UTD,4,8000,34.54,4.14,22.01,33.09,18.04,12.84,7.14,5.8,1.08
10/16/2024,17:00,ECSW UTD,1,10000,47.21,5.67,21.6,34.28,16.37,13.99,2.65,5.65,5.45
10/16/2024,17:00,ECSW UTD,2,10000,37.73,4.53,24.26,29.2,17.12,11.08,10.89,3.79,3.66
10/16/2024,17:00,ECSW UTD,3,8000,45.48,5.46,24.31,31.37,16.23,12.56,11.28,4.25,0
10/16/2024,17:00,ECSW UTD,4,8000,42.62,5.11,20.64,30.52,10.97,13.67,9.71,5.35,9.14
10/17/2024,9:00,ECSW UTD,1,10000,43.19,5.18,25.69,30.09,16.51,7.48,8.34,4.98,6.91
10/17/2024,9:00,ECSW UTD,2,10000,40.23,4.83,22.05,32.6,20.04,9.73,6.35,5.7,3.52
10/17/2024,9:00,ECSW UTD,3,8000,47.41,5.69,20.78,30.87,15.03,12.23,8.22,3.97,8.91
10/17/2024,9:00,ECSW UTD,4,8000,35.72,4.29,22.38,34.91,13.09,12.22,6.57,7.41,3.43
10/17/2024,10:00,ECSW UTD,1,10000,43.46,5.22,22.81,32.58,15.92,9.8,7.03,8.16,3.7
10/17/2024,10:00,ECSW UTD,2,10000,34.81,4.18,24.43,32.54,15,8.15,8.06,5.54,6.28
10/17/2024,10:00,ECSW UTD,3,8000,44.76,5.37,21.9,30.8,15.19,11.46,10.97,5.46,4.22
10/17/2024,10:00,ECSW UTD,4,8000,35.04,4.2,17.95,32.86,16.95,11.7,8.12,8.2,4.23
10/17/2024,11:00,ECSW UTD,1,10000,44.78,5.37,21.08,30.46,17.13,11.45,9.22,5.46,5.21
10/17/2024,11:00,ECSW UTD,2,10000,51.94,6.23,22.47,31.59,15.29,12.07,9.08,5.08,4.41
10/17/2024,11:00,ECSW UTD,3,8000,39.6,4.75,15.73,35.03,16.15,15.18,9.26,3.02,5.64
10/17/2024,11:00,ECSW UTD,4,8000,34.77,4.17,22.38,32.67,18.07,8.99,8.62,2.43,6.84
10/17/2024,12:00,ECSW UTD,1,10000,42.59,5.11,21.97,31.39,16.56,13.82,7.77,5.52,2.96
10/17/2024,12:00,ECSW UTD,2,10000,68.4,8.21,21.96,33.89,15.51,11.73,7.26,5.98,3.67
10/17/2024,12:00,ECSW UTD,3,8000,45.92,5.51,20.28,33.75,13.44,12.46,6.54,5.95,7.59
10/17/2024,12:00,ECSW UTD,4,8000,39,4.68,19.34,33.42,14.36,9.91,9.2,8.32,5.45
10/17/2024,13:00,ECSW UTD,1,10000,40.11,4.81,23.67,33.18,17.94,13.4,8.1,0,3.71
10/17/2024,13:00,ECSW UTD,2,10000,46.04,5.52,22.64,33.31,19.69,11.13,4.33,2.26,6.63
10/17/2024,13:00,ECSW UTD,3,8000,39.67,4.76,26.5,33,16.63,9.52,8.05,1.41,4.89
10/17/2024,13:00,ECSW UTD,4,8000,39.74,4.77,20.62,35.86,19.51,8.88,4.09,5.02,6.01
10/17/2024,14:00,ECSW UTD,1,10000,35.7,4.28,19.82,35.77,15.62,12.22,6.62,5.27,4.67
10/17/2024,14:00,ECSW UTD,2,10000,36.62,4.39,23.66,28.87,16.54,9.85,9.36,4.58,7.14
10/17/2024,14:00,ECSW UTD,3,8000,84.93,10.19,23.93,31.83,15.69,8.91,8.55,5.23,5.88
10/17/2024,14:00,ECSW UTD,4,8000,40.42,4.85,22.47,33.13,13.42,12.21,5.85,6.42,6.49
10/17/2024,15:00,ECSW UTD,1,10000,30.44,3.65,22.26,32.06,14.87,14.01,7.38,3.74,5.68
10/17/2024,15:00,ECSW UTD,2,10000,43.43,5.21,21.78,35.71,17.74,6.23,7.67,4.28,6.58
10/17/2024,15:00,ECSW UTD,3,8000,26.88,3.23,22.79,28.2,13.89,11.22,11.52,6.12,6.26
10/17/2024,15:00,ECSW UTD,4,8000,40.65,4.88,23.89,35.2,16.18,10.45,6.42,5.88,1.98
10/17/2024,16:00,ECSW UTD,1,10000,40.95,4.91,20.12,30.59,14.09,16.31,10.83,2.54,5.52
10/17/2024,16:00,ECSW UTD,2,10000,36.96,4.44,19.02,28.92,16.79,9.14,10.52,7.4,8.2
10/17/2024,16:00,ECSW UTD,3,8000,35.74,4.29,21.45,32.01,14.39,8.66,11.49,5.59,6.42
10/17/2024,16:00,ECSW UTD,4,8000,35.89,4.31,21.57,35.45,18.12,9.67,9.8,1.99,3.39
10/17/2024,17:00,ECSW UTD,1,10000,43.35,5.2,23.12,31.85,14.13,8.66,7.91,6.86,7.47
10/17/2024,17:00,ECSW UTD,2,10000,37.52,4.5,18.99,32.78,14.33,9.62,11.43,7.14,5.71
10/17/2024,17:00,ECSW UTD,3,8000,33.64,4.04,19.63,30.88,13.7,12.21,10.18,8.01,5.39
10/17/2024,17:00,ECSW UTD,4,8000,42.94,5.15,24.7,33.42,15.14,9.85,9.17,2.62,5.1
10/18/2024,9:00,ECSW UTD,1,10000,45.48,5.46,16.17,34.25,17.86,9.4,9.41,5.18,7.73
10/18/2024,9:00,ECSW UTD,2,10000,44.91,5.39,18.06,32.73,15.32,10.67,6.87,8.92,7.43
10/18/2024,9:00,ECSW UTD,3,8000,36.3,4.36,17.88,30.15,16.37,10.81,10.84,6.79,7.16
10/18/2024,9:00,ECSW UTD,4,8000,41.63,5,19.1,32.84,18.99,10.98,9.99,4.84,3.26
10/18/2024,10:00,ECSW UTD,1,10000,39.38,4.73,21.82,30.35,15.37,8.59,10.83,4.67,8.36
10/18/2024,10:00,ECSW UTD,2,10000,47.64,5.72,23.63,33.33,12.9,8.41,6.26,9.24,6.23
10/18/2024,10:00,ECSW UTD,3,8000,41.95,5.03,16.8,29.8,18.11,11.42,8.32,6.62,8.93
10/18/2024,10:00,ECSW UTD,4,8000,38.89,4.67,20.9,31.53,20.53,6.02,9.72,4.95,6.36
10/18/2024,11:00,ECSW UTD,1,10000,36.71,4.41,20.16,31.83,21.5,11.77,6.39,4.21,4.15
10/18/2024,11:00,ECSW UTD,2,10000,31.02,3.72,20.89,33.99,13.45,13.07,9.7,3.81,5.1
10/18/2024,11:00,ECSW UTD,3,8000,47.99,5.76,23.08,32.27,15.62,10.92,7.5,0.85,9.77
10/18/2024,11:00,ECSW UTD,4,8000,40.78,4.89,22.92,32.94,14.91,10.61,5.29,10.53,2.79
10/18/2024,12:00,ECSW UTD,1,10000,34.84,4.18,19.65,33.48,15.45,7.74,10.8,6.64,6.25
10/18/2024,12:00,ECSW UTD,2,10000,43.58,5.23,24.2,33.56,13.31,12.94,8.56,5.86,1.58
10/18/2024,12:00,ECSW UTD,3,8000,39.15,4.7,19.79,34.09,18.46,6.3,8.57,7.8,4.98
10/18/2024,12:00,ECSW UTD,4,8000,43.65,5.24,22.84,33.86,15.95,8.35,6.35,7.08,5.56
10/18/2024,13:00,ECSW UTD,1,10000,39.31,4.72,20.96,32.17,18.71,10.21,5.82,7.1,5.02
10/18/2024,13:00,ECSW UTD,2,10000,40.16,4.82,25.22,32.54,16.92,8.3,8.21,6.76,2.05
10/18/2024,13:00,ECSW UTD,3,8000,41,4.92,20.77,30.93,17.55,10.97,11.26,3.1,5.42
10/18/2024,13:00,ECSW UTD,4,8000,40.42,4.85,18.39,32.85,20.23,10.26,9.28,5.32,3.68
10/18/2024,14:00,ECSW UTD,1,10000,30.9,3.71,20.47,29.97,20.27,10.76,8.05,7.46,3.03
10/18/2024,14:00,ECSW UTD,2,10000,36.17,4.34,20.54,32.69,16.32,10.7,8.32,5.92,5.51
10/18/2024,14:00,ECSW UTD,3,8000,34.85,4.18,21.76,30.16,16.42,9.79,14.16,5.33,2.37
10/18/2024,14:00,ECSW UTD,4,8000,39.33,4.72,23.11,36.63,15.18,7.51,10.58,2.46,4.53
10/18/2024,15:00,ECSW UTD,1,10000,38.71,4.65,21.4,33.82,14.69,10.19,8.59,5.71,5.6
10/18/2024,15:00,ECSW UTD,2,10000,65.48,7.86,21.73,31.11,15.89,10.1,10.89,6.18,4.11
10/18/2024,15:00,ECSW UTD,3,8000,37.78,4.53,19.68,32.58,14.34,9.54,10.54,5.61,7.71
10/18/2024,15:00,ECSW UTD,4,8000,43.99,5.28,20.23,34.16,19.47,8.66,10.13,5.64,1.71
10/18/2024,16:00,ECSW UTD,1,10000,40.6,4.87,20.32,30.67,16.65,6.81,7.37,11.2,6.98
10/18/2024,16:00,ECSW UTD,2,10000,35.59,4.27,24.88,30.56,15.15,8.4,9.29,8.44,3.27
10/18/2024,16:00,ECSW UTD,3,8000,29.7,3.56,24.29,36.26,12.06,11.96,9.26,3.75,2.42
10/18/2024,16:00,ECSW UTD,4,8000,44.96,5.4,23,34.46,15.54,9.48,3.49,5.13,8.9
10/18/2024,17:00,ECSW UTD,1,10000,35.55,4.27,18.75,34.14,17.96,9.76,8.08,6.11,5.19
10/18/2024,17:00,ECSW UTD,2,10000,45,5.4,24.51,26.2,17.21,10.06,10.62,6.36,5.05
10/18/2024,17:00,ECSW UTD,3,8000,43.8,5.26,22.01,32.6,19.04,9.52,10.64,5.8,0.39
10/18/2024,17:00,ECSW UTD,4,8000,37.13,4.46,22.79,32.19,10.92,13.94,9.2,6.49,4.47
10/19/2024,9:00,ECSW UTD,1,10000,22.66,2.72,23.02,27.75,17.83,10.5,6.09,9.17,5.63
10/19/2024,9:00,ECSW UTD,2,10000,23.38,2.81,20.14,29.41,15.87,13.63,7.64,5.12,8.19
10/19/2024,9:00,ECSW UTD,3,8000,18.5,2.22,21.42,32.35,14.88,10.82,9.5,4.28,6.76
10/19/2024,9:00,ECSW UTD,4,8000,17.27,2.07,22.49,32.49,16.87,10.09,8.68,7.51,1.87
10/19/2024,10:00,ECSW UTD,1,10000,10.13,1.22,19.81,33.1,16.68,9.07,11.07,3.94,6.34
10/19/2024,10:00,ECSW UTD,2,10000,18.19,2.18,19.92,31.4,17.96,11.7,10.84,6.24,1.94
10/19/2024,10:00,ECSW UTD,3,8000,30.57,3.67,22.77,34.05,15.63,13.42,6.38,6.83,0.92
10/19/2024,10:00,ECSW UTD,4,8000,23.39,2.81,17.95,30.74,17.82,11.72,10.51,7.29,3.98
10/19/2024,11:00,ECSW UTD,1,10000,22.99,2.76,18.07,31.25,19.41,10.08,4.65,9.85,6.69
10/19/2024,11:00,ECSW UTD,2,10000,23.82,2.86,20.87,35.36,17.95,9.67,8.86,2.31,4.98
10/19/2024,11:00,ECSW UTD,3,8000,24.87,2.98,19.9,36.36,13.04,10.19,7.19,4.99,8.33
10/19/2024,11:00,ECSW UTD,4,8000,15.08,1.81,20.29,33.26,16.13,11,6.45,5.16,7.72
10/19/2024,12:00,ECSW UTD,1,10000,11.95,1.43,21.34,30.25,18.44,14.28,8.76,3.43,3.5
10/19/2024,12:00,ECSW UTD,2,10000,18.51,2.22,21.32,34.97,15.01,11.95,8.12,3.86,4.77
10/19/2024,12:00,ECSW UTD,3,8000,21.68,2.6,23.58,31.86,13.6,12.96,6.7,5.96,5.35
10/19/2024,12:00,ECSW UTD,4,8000,19.21,2.31,21.6,35.47,8.9,13.93,7.01,6.6,6.48
10/19/2024,13:00,ECSW UTD,1,10000,26.37,3.16,24.85,34.53,14.37,11.33,4.98,4.56,5.38
10/19/2024,13:00,ECSW UTD,2,10000,16.55,1.99,22.98,33.78,16.41,5.89,6.19,7.19,7.56
10/19/2024,13:00,ECSW UTD,3,8000,10.81,1.3,19.75,34.56,14.58,10.51,11.7,4.6,4.29
10/19/2024,13:00,ECSW UTD,4,8000,19.21,2.31,24.48,31.9,15.53,9.24,9.37,6.53,2.95
10/19/2024,14:00,ECSW UTD,1,10000,23.43,2.81,22.72,34.65,15.26,10.61,6.85,3.28,6.64
10/19/2024,14:00,ECSW UTD,2,10000,18.22,2.19,18.88,37.28,13.84,13.22,5.48,6.42,4.88
10/19/2024,14:00,ECSW UTD,3,8000,16.85,2.02,23.95,35.39,15.71,9.73,5.7,6.59,2.93
10/19/2024,14:00,ECSW UTD,4,8000,20.02,2.4,23.3,33.45,14.91,13,7.9,2.56,4.88
10/19/2024,15:00,ECSW UTD,1,10000,22.93,2.75,20.78,35.38,14.99,9.73,6.58,7.09,5.45
10/19/2024,15:00,ECSW UTD,2,10000,15.1,1.81,24.4,30.31,21.03,12.27,4.05,2.65,5.28
10/19/2024,15:00,ECSW UTD,3,8000,13.43,1.61,24.93,35.62,18.16,5.53,8.03,4.16,3.57
10/19/2024,15:00,ECSW UTD,4,8000,17.92,2.15,17.73,30.41,16.52,11.35,7.72,8.99,7.27
10/19/2024,16:00,ECSW UTD,1,10000,19.49,2.34,20.24,34.74,18.09,7.63,10.82,4.99,3.49
10/19/2024,16:00,ECSW UTD,2,10000,10.1,1.21,19.7,30.34,18.4,12.06,6.92,5.85,6.73
10/19/2024,16:00,ECSW UTD,3,8000,20.43,2.45,22.36,34.37,18.73,12.86,8.81,0,2.87
10/19/2024,16:00,ECSW UTD,4,8000,23.1,2.77,16.52,33.97,17.92,10.58,9.65,6.36,5
10/19/2024,17:00,ECSW UTD,1,10000,13.13,1.58,24.03,35.95,13.79,7.86,8.47,4.11,5.8
10/19/2024,17:00,ECSW UTD,2,10000,26.04,3.12,16.37,35.01,14.98,11.64,9.75,6.83,5.41
10/19/2024,17:00,ECSW UTD,3,8000,21.48,2.58,24.79,34.62,13.83,9.11,9.39,4.13,4.13
10/19/2024,17:00,ECSW UTD,4,8000,29,3.48,22.86,31.05,17.21,9.64,8.66,6.19,4.38
10/20/2024,9:00,ECSW UTD,1,10000,31.1,3.73,24.95,31.68,15.2,12.79,7.53,3.65,4.2
10/20/2024,9:00,ECSW UTD,2,10000,25.59,3.07,20.73,30.69,15.3,13.03,6.73,7.9,5.61
10/20/2024,9:00,ECSW UTD,3,8000,19.2,2.3,24.67,27.52,14.1,7.44,9.77,8.27,8.23
10/20/2024,9:00,ECSW UTD,4,8000,26.12,3.13,20.59,30.74,12.24,14.78,9.39,4.22,8.04
10/20/2024,10:00,ECSW UTD,1,10000,15.14,1.82,22.15,31.56,17.32,10.51,5.43,5.48,7.55
10/20/2024,10:00,ECSW UTD,2,10000,19.85,2.38,22.9,29.66,15.89,9.3,10.09,5.38,6.78
10/20/2024,10:00,ECSW UTD,3,8000,25.44,3.05,23.65,33.78,14.38,11.05,7.67,4.77,4.7
10/20/2024,10:00,ECSW UTD,4,8000,15.1,1.81,17.61,31.39,16.85,8,8.79,9.64,7.72
10/20/2024,11:00,ECSW UTD,1,10000,28.22,3.39,22.26,34.64,14.52,9.33,2.7,7.9,8.66
10/20/2024,11:00,ECSW UTD,2,10000,17.23,2.07,21.47,31.39,17.37,13.49,4.97,6.41,4.9
10/20/2024,11:00,ECSW UTD,3,8000,20.57,2.47,21.76,30.82,15.39,9.96,10.34,6.07,5.66
10/20/2024,11:00,ECSW UTD,4,8000,13.65,1.64,19.01,31.41,14.89,11.18,11.39,6.99,5.12
10/20/2024,12:00,ECSW UTD,1,10000,17.45,2.09,17.9,35.66,17.25,12.96,9.25,5.24,1.73
10/20/2024,12:00,ECSW UTD,2,10000,15.3,1.84,21.19,33.82,14.98,10.78,10.02,3.42,5.8
10/20/2024,12:00,ECSW UTD,3,8000,16.3,1.96,22.26,31.04,15.98,8.64,9.64,9.39,3.06
10/20/2024,12:00,ECSW UTD,4,8000,18.3,2.2,22.99,35.47,15.6,4.87,12.04,7.33,1.7
10/20/2024,13:00,ECSW UTD,1,10000,16.96,2.04,22.52,32.03,16.43,9.39,7.95,4.61,7.06
10/20/2024,13:00,ECSW UTD,2,10000,15.62,1.87,19.82,34.51,16.07,13.75,7.18,5.27,3.4
10/20/2024,13:00,ECSW UTD,3,8000,20.04,2.4,19.32,32.9,13.75,12.91,10.69,1.74,8.69
10/20/2024,13:00,ECSW UTD,4,8000,32.49,3.9,20.52,29.33,21.09,7.52,8.21,5.47,7.85
10/20/2024,14:00,ECSW UTD,1,10000,21.8,2.62,22.79,33.7,17.17,9.58,9.71,4.64,2.41
10/20/2024,14:00,ECSW UTD,2,10000,26.28,3.15,22.53,32.56,17.39,12.02,5.34,6.71,3.45
10/20/2024,14:00,ECSW UTD,3,8000,28.56,3.43,22.81,31.64,14.64,10.61,10,5.36,4.95
10/20/2024,14:00,ECSW UTD,4,8000,20.29,2.43,20.49,31.96,11.8,13.02,9.37,3.76,9.59
10/20/2024,15:00,ECSW UTD,1,10000,20.44,2.45,19.12,33.83,16.85,11.51,7.62,6.29,4.77
10/20/2024,15:00,ECSW UTD,2,10000,22.78,2.73,18.89,33.99,21.52,9.88,7.93,4.79,3
10/20/2024,15:00,ECSW UTD,3,8000,8.96,1.08,20.75,32.15,15.82,10.31,8.59,7.48,4.91
10/20/2024,15:00,ECSW UTD,4,8000,17.13,2.06,20.67,33.13,18.95,9.3,8.72,6.04,3.21
10/20/2024,16:00,ECSW UTD,1,10000,20.1,2.41,20.1,31.16,18.53,10.87,9.9,5.85,3.59
10/20/2024,16:00,ECSW UTD,2,10000,19.77,2.37,19.79,37,13.87,10.84,6.68,6.93,4.89
10/20/2024,16:00,ECSW UTD,3,8000,17.41,2.09,23.96,33.18,17.7,8.87,5.73,5.76,4.81
10/20/2024,16:00,ECSW UTD,4,8000,23.13,2.78,21.29,32.64,12.61,14.79,8.23,6.86,3.57
10/20/2024,17:00,ECSW UTD,1,10000,36.95,4.43,19.95,29.4,17.83,13.42,6.25,7.29,5.85
10/20/2024,17:00,ECSW UTD,2,10000,27.99,3.36,20.04,39.04,11.2,10.24,5.04,9.54,4.91
10/20/2024,17:00,ECSW UTD,3,8000,19.14,2.3,22.54,32.37,14.91,8.08,9,6.21,6.9
10/20/2024,17:00,ECSW UTD,4,8000,29.56,3.55,18.62,35.53,20.68,11.6,3.95,2.88,6.73
10/21/2024,9:00,ECSW UTD,1,10000,41.46,4.98,23.61,31.46,17.17,8.97,9.43,5.65,3.72
10/21/2024,9:00,ECSW UTD,2,10000,47.79,5.73,18.3,32.79,14.69,15.08,10.15,4.08,4.9
10/21/2024,9:00,ECSW UTD,3,8000,49.31,5.92,19.06,27.86,16.4,11.19,9.82,6.68,8.99
10/21/2024,9:00,ECSW UTD,4,8000,31.41,3.77,20.32,36.18,14.77,8.18,13.55,2.03,4.96
10/21/2024,10:00,ECSW UTD,1,10000,39.7,4.76,24.19,28.08,16.93,8.79,9.9,3.41,8.71
10/21/2024,10:00,ECSW UTD,2,10000,35.5,4.26,17.72,33.41,17.02,14.3,6.45,2.97,8.14
10/21/2024,10:00,ECSW UTD,3,8000,33.12,3.97,22.25,33.62,17.48,9.63,6.96,6.42,3.63
10/21/2024,10:00,ECSW UTD,4,8000,33.2,3.98,23.11,31.88,19.08,11.91,5.62,5.34,3.06
10/21/2024,11:00,ECSW UTD,1,10000,66.78,8.01,22.71,32.15,21.81,10.14,7.53,0.56,5.11
10/21/2024,11:00,ECSW UTD,2,10000,38.86,4.66,23.67,30.05,13.21,12.04,11.06,2.05,7.91
10/21/2024,11:00,ECSW UTD,3,8000,40.19,4.82,24.86,33.46,11.15,10.86,11.34,3.6,4.73
10/21/2024,11:00,ECSW UTD,4,8000,39.12,4.69,15.29,35.89,14.2,11.85,8.42,8.09,6.26
10/21/2024,12:00,ECSW UTD,1,10000,38.83,4.66,20.02,34.73,12.37,12.41,6.38,8.25,5.85
10/21/2024,12:00,ECSW UTD,2,10000,43.22,5.19,21.73,28.56,14.31,12.23,8.98,7.93,6.26
10/21/2024,12:00,ECSW UTD,3,8000,35.17,4.22,20.34,33.37,11.46,14.75,9.82,8.24,2.03
10/21/2024,12:00,ECSW UTD,4,8000,46.22,5.55,25.5,28.52,17.24,10.43,5.12,6.24,6.95
10/21/2024,13:00,ECSW UTD,1,10000,36.99,4.44,24.95,29.79,13.42,11.48,8.99,3.98,7.39
10/21/2024,13:00,ECSW UTD,2,10000,42.65,5.12,21.4,29.32,15.97,8.98,11.93,3.33,9.08
10/21/2024,13:00,ECSW UTD,3,8000,40.17,4.82,17.8,33.79,15.74,12.08,10.78,5.86,3.94
10/21/2024,13:00,ECSW UTD,4,8000,44.88,5.39,21.23,33.29,11.35,11.56,7.13,8.81,6.63
10/21/2024,14:00,ECSW UTD,1,10000,41.2,4.94,20.55,27.45,17.88,13.7,8.61,8.02,3.78
10/21/2024,14:00,ECSW UTD,2,10000,36.01,4.32,21.39,32.88,15.14,11.8,9.17,3.2,6.43
10/21/2024,14:00,ECSW UTD,3,8000,44.32,5.32,23.03,36.58,14.23,12.38,6.41,3.14,4.23
10/21/2024,14:00,ECSW UTD,4,8000,35.29,4.23,21.02,32.88,18.54,10.4,5.37,8.09,3.7
10/21/2024,15:00,ECSW UTD,1,10000,39.71,4.77,20.8,30.26,17.11,10.91,6.25,9.31,5.36
10/21/2024,15:00,ECSW UTD,2,10000,39.26,4.71,21.87,30.42,15.76,14.95,7.43,4.35,5.22
10/21/2024,15:00,ECSW UTD,3,8000,45.36,5.44,21.24,32.59,17.28,8.42,8.94,7.51,4.02
10/21/2024,15:00,ECSW UTD,4,8000,32.87,3.94,20.32,32.02,11.72,11.75,9.72,6.97,7.5
10/21/2024,16:00,ECSW UTD,1,10000,51.01,6.12,21.35,33.45,15.68,11.07,12.25,2.56,3.63
10/21/2024,16:00,ECSW UTD,2,10000,46.89,5.63,21.63,28.73,16.4,10.48,10.79,5.05,6.92
10/21/2024,16:00,ECSW UTD,3,8000,53.21,6.39,21.28,30.22,16.51,9.31,12.83,5.38,4.47
10/21/2024,16:00,ECSW UTD,4,8000,35.82,4.3,23.28,33.28,14.69,11.7,5.23,5.63,6.19
10/21/2024,17:00,ECSW UTD,1,10000,48.54,5.82,20.32,30.21,14.54,8.06,11.75,8.91,6.21
10/21/2024,17:00,ECSW UTD,2,10000,46.11,5.53,22.74,33.44,16.08,10.52,5.5,6.2,5.52
10/21/2024,17:00,ECSW UTD,3,8000,43.73,5.25,22.27,32.74,14.63,11.19,10.46,2.99,5.71
10/21/2024,17:00,ECSW UTD,4,8000,41.17,4.94,20.71,32.16,17.25,8.63,9.71,3.58,7.95
10/22/2024,9:00,ECSW UTD,1,10000,51.69,6.2,20.39,34.65,15.11,13.48,6.1,6.65,3.63
10/22/2024,9:00,ECSW UTD,2,10000,38.97,4.68,19.63,34.63,14.58,12.15,8,5.22,5.79
10/22/2024,9:00,ECSW UTD,3,8000,36.19,4.34,21.33,34.54,14.04,12.9,11.49,3.52,2.18
10/22/2024,9:00,ECSW UTD,4,8000,41.51,4.98,20.36,36.33,16.23,9.04,6.15,7.73,4.15
10/22/2024,10:00,ECSW UTD,1,10000,40.22,4.83,22.84,30.26,15.54,10.39,9.76,6.44,4.75
10/22/2024,10:00,ECSW UTD,2,10000,40.32,4.84,21.75,30.54,17.52,15.57,7.04,3.9,3.68
10/22/2024,10:00,ECSW UTD,3,8000,43.62,5.23,23.01,32.68,14.49,11.21,5.36,5.82,7.42
10/22/2024,10:00,ECSW UTD,4,8000,33.74,4.05,17.94,35.13,14.6,13,8.15,4.95,6.23
10/22/2024,11:00,ECSW UTD,1,10000,35.58,4.27,23.22,33.5,14.16,12.23,8.56,5.37,2.96
10/22/2024,11:00,ECSW UTD,2,10000,47.96,5.76,22.92,33.64,15.16,6.89,12.55,5.14,3.69
10/22/2024,11:00,ECSW UTD,3,8000,42.08,5.05,22.69,30.43,17.84,12.36,5.94,3.71,7.03
10/22/2024,11:00,ECSW UTD,4,8000,26.44,3.17,23.38,32.2,16.67,11.16,8.64,4.62,3.33
10/22/2024,12:00,ECSW UTD,1,10000,51.46,6.18,24.83,28.95,19,9.63,8.64,5.1,3.85
10/22/2024,12:00,ECSW UTD,2,10000,44.92,5.39,24.62,35.32,15.06,9.99,5.74,6.11,3.17
10/22/2024,12:00,ECSW UTD,3,8000,38.67,4.64,22.28,31.75,14.64,9.63,11.52,5.92,4.26
10/22/2024,12:00,ECSW UTD,4,8000,32.87,3.94,23.44,35.69,15.49,11.93,8.2,5.22,0.03
10/22/2024,13:00,ECSW UTD,1,10000,38.89,4.67,24.19,31.69,16.66,9.36,9.62,5.04,3.44
10/22/2024,13:00,ECSW UTD,2,10000,46.66,5.6,22.86,30.11,16.73,11.58,9.71,1.69,7.33
10/22/2024,13:00,ECSW UTD,3,8000,37.15,4.46,20.72,37.9,16.77,9.91,3.86,8.36,2.48
10/22/2024,13:00,ECSW UTD,4,8000,34.98,4.2,20.12,34.17,17.22,10.08,8.97,3.95,5.49
10/22/2024,14:00,ECSW UTD,1,10000,40.37,4.84,22.79,33.17,16.61,9.63,9.85,5,2.95
10/22/2024,14:00,ECSW UTD,2,10000,37.98,4.56,21.71,34.25,15.75,8.16,8.73,5.63,5.78
10/22/2024,14:00,ECSW UTD,3,8000,44.6,5.35,23.39,30.58,14.62,8.41,9.98,8.38,4.64
10/22/2024,14:00,ECSW UTD,4,8000,38.79,4.65,24.75,33.47,17.13,8.22,10.1,3.39,2.95
10/22/2024,15:00,ECSW UTD,1,10000,38.27,4.59,20.75,32.57,13.35,13.13,11.3,1.22,7.67
10/22/2024,15:00,ECSW UTD,2,10000,35.95,4.31,22.75,31.29,15.78,10.09,10.92,2.64,6.51
10/22/2024,15:00,ECSW UTD,3,8000,45.51,5.46,20.98,33.91,13.64,11.66,7.62,7.31,4.88
10/22/2024,15:00,ECSW UTD,4,8000,38.06,4.57,23.8,30.54,12.81,9.44,9.72,8.19,5.5
10/22/2024,16:00,ECSW UTD,1,10000,46.59,5.59,19.37,32.62,16.16,10.95,9.15,7.15,4.61
10/22/2024,16:00,ECSW UTD,2,10000,40.7,4.88,22.02,31.13,16.34,10.74,8.48,5.6,5.7
10/22/2024,16:00,ECSW UTD,3,8000,37.84,4.54,23.98,29.42,14.42,16.55,6.3,2.44,6.88
10/22/2024,16:00,ECSW UTD,4,8000,29.61,3.55,21.5,37.76,13.11,6.65,5.51,7.48,7.98
10/22/2024,17:00,ECSW UTD,1,10000,37.44,4.49,22.94,35.2,19.94,10.21,3.65,3.61,4.45
10/22/2024,17:00,ECSW UTD,2,10000,38.71,4.65,19.6,32.2,17.53,9.65,10.19,5.71,5.12
10/22/2024,17:00,ECSW UTD,3,8000,44.53,5.34,20.87,35.35,12.56,9.29,8.03,6.09,7.81
10/22/2024,17:00,ECSW UTD,4,8000,39.88,4.79,20.19,37.3,19.43,7.2,9.41,2.14,4.32
10/23/2024,9:00,ECSW UTD,1,10000,35.49,4.26,23.97,33.52,13.78,13.04,5.69,6.27,3.74
10/23/2024,9:00,ECSW UTD,2,10000,38.17,4.58,21.51,31.79,18.1,10.07,8.82,4.22,5.49
10/23/2024,9:00,ECSW UTD,3,8000,42.2,5.06,22.1,29.45,17.48,11.97,7.41,2.71,8.87
10/23/2024,9:00,ECSW UTD,4,8000,42.46,5.1,21.38,30.33,14.61,13.79,9.05,4.26,6.58
10/23/2024,10:00,ECSW UTD,1,10000,35.93,4.31,26.86,38.19,16.43,10.21,3.23,2.38,2.71
10/23/2024,10:00,ECSW UTD,2,10000,40.68,4.88,22.21,31.35,16.58,12.64,10.4,1.38,5.45
10/23/2024,10:00,ECSW UTD,3,8000,33.08,3.97,24.7,35.76,14.96,9.59,8.02,0.56,6.42
10/23/2024,10:00,ECSW UTD,4,8000,38.64,4.64,25.48,32.29,15.98,8.11,6.96,3.06,8.12
10/23/2024,11:00,ECSW UTD,1,10000,36.51,4.38,22.5,32.48,13.84,10.74,10.22,2.87,7.35
10/23/2024,11:00,ECSW UTD,2,10000,35.75,4.29,21.95,35.82,15.77,11.62,8.5,6.06,0.28
10/23/2024,11:00,ECSW UTD,3,8000,30.85,3.7,23.1,34.89,14.34,10.35,9.34,6.95,1.03
10/23/2024,11:00,ECSW UTD,4,8000,35.57,4.27,19.55,31.75,20.22,9.65,5.24,5.87,7.73
10/23/2024,12:00,ECSW UTD,1,10000,40.54,4.86,18.65,32.73,16.75,8.15,8.99,7.17,7.55
10/23/2024,12:00,ECSW UTD,2,10000,39.67,4.76,20.94,35.25,13.66,11.81,5.71,7.74,4.87
10/23/2024,12:00,ECSW UTD,3,8000,46.34,5.56,21.61,28.37,18.38,13.49,10.05,3.58,4.52
10/23/2024,12:00,ECSW UTD,4,8000,40.73,4.89,20.73,37.22,17.05,5.12,9.68,4.8,5.41
10/23/2024,13:00,ECSW UTD,1,10000,38.16,4.58,22.73,33.9,16.37,9.8,8.33,5.3,3.57
10/23/2024,13:00,ECSW UTD,2,10000,42.89,5.15,21.07,33.32,17.64,8.69,9.71,3.12,6.44
10/23/2024,13:00,ECSW UTD,3,8000,37.42,4.49,21.97,37.39,11.81,7.95,9.35,6.32,5.21
10/23/2024,13:00,ECSW UTD,4,8000,32.1,3.85,19.35,32.44,17.03,10.5,10.87,6.11,3.69
10/23/2024,14:00,ECSW UTD,1,10000,38.6,4.63,17.46,30.25,17.49,11.55,10.97,4.46,7.81
10/23/2024,14:00,ECSW UTD,2,10000,39.03,4.68,22.3,29.11,15.95,12.59,7.4,5.28,7.36
10/23/2024,14:00,ECSW UTD,3,8000,39.33,4.72,18.64,36.83,15.1,11.08,11.08,4.06,3.21
10/23/2024,14:00,ECSW UTD,4,8000,41.27,4.95,18.42,33.02,17.39,10.62,5.51,9.19,5.84
10/23/2024,15:00,ECSW UTD,1,10000,47.16,5.66,21.6,31.32,17.23,10.61,6.26,8.81,4.17
10/23/2024,15:00,ECSW UTD,2,10000,51.46,6.18,25.68,34.91,13.71,12.52,3,6.78,3.41
10/23/2024,15:00,ECSW UTD,3,8000,37.76,4.53,23.02,33.38,16.19,12.9,4.97,5.84,3.69
10/23/2024,15:00,ECSW UTD,4,8000,44.59,5.35,20.9,30.76,17.89,11.98,7.52,4.89,6.07
10/23/2024,16:00,ECSW UTD,1,10000,40.68,4.88,25.34,30.22,22.2,11.98,5.63,3.75,0.88
10/23/2024,16:00,ECSW UTD,2,10000,34.55,4.15,21.52,36.05,17.27,11.42,6.25,3.66,3.83
10/23/2024,16:00,ECSW UTD,3,8000,36.47,4.38,22.39,34.17,16.62,10.05,9.6,5.07,2.1
10/23/2024,16:00,ECSW UTD,4,8000,40.17,4.82,23.47,31.87,16.41,13.29,6.8,2.99,5.17
10/23/2024,17:00,ECSW UTD,1,10000,43.11,5.17,23.49,31.14,17.07,10.63,6.59,6.27,4.8
10/23/2024,17:00,ECSW UTD,2,10000,41.89,5.03,19.57,33.44,15.95,11.31,8.46,4.81,6.45
10/23/2024,17:00,ECSW UTD,3,8000,76.71,9.21,19.61,33.3,15.33,8.74,8.83,6.73,7.47
10/23/2024,17:00,ECSW UTD,4,8000,41.2,4.94,19.79,32.58,16.16,12.58,10.13,5.36,3.4
10/24/2024,9:00,ECSW UTD,1,10000,36.74,4.41,20.22,31.43,16.62,12.23,8.45,5.38,5.66
10/24/2024,9:00,ECSW UTD,2,10000,37.42,4.49,21.04,30.71,15.78,12.69,7.65,5.25,6.88
10/24/2024,9:00,ECSW UTD,3,8000,42.6,5.11,19.13,34.3,18.5,8.3,6.81,7.91,5.05
10/24/2024,9:00,ECSW UTD,4,8000,28.9,3.47,19.34,33.16,14.25,10.31,9.07,8.91,4.97
10/24/2024,10:00,ECSW UTD,1,10000,45.36,5.44,23.27,33.46,15.85,6.18,9.08,7.23,4.93
10/24/2024,10:00,ECSW UTD,2,10000,48.72,5.85,22.84,32.74,18.06,11.22,3.17,4.21,7.77
10/24/2024,10:00,ECSW UTD,3,8000,35.96,4.32,20.68,29.52,19.64,14.13,6.59,5.6,3.85
10/24/2024,10:00,ECSW UTD,4,8000,43.07,5.17,21.91,32.97,16.33,16.55,6.2,1.65,4.39
10/24/2024,11:00,ECSW UTD,1,10000,32.16,3.86,20.27,33.36,15.68,9.64,10.77,4.75,5.53
10/24/2024,11:00,ECSW UTD,2,10000,44.47,5.34,21.81,34.8,18.57,7.22,3.81,6.72,7.07
10/24/2024,11:00,ECSW UTD,3,8000,50.32,6.04,21.37,33.28,15.37,11.14,11.92,0.79,6.13
10/24/2024,11:00,ECSW UTD,4,8000,50.68,6.08,23.15,37.49,15.47,11.18,9.08,0.64,3
10/24/2024,12:00,ECSW UTD,1,10000,34.52,4.14,21.48,31.5,15.53,11.56,7.61,7.35,4.98
10/24/2024,12:00,ECSW UTD,2,10000,40.29,4.83,21.19,34.15,15.41,13.01,6.24,3.05,6.94
10/24/2024,12:00,ECSW UTD,3,8000,39.56,4.75,18.85,31.38,13.61,9.48,10.66,7.98,8.04
10/24/2024,12:00,ECSW UTD,4,8000,38.59,4.63,25.4,31.78,14.91,5.99,12.83,3.7,5.37
10/24/2024,13:00,ECSW UTD,1,10000,35.45,4.25,25.72,35.17,14.9,13.09,6.17,4,0.95
10/24/2024,13:00,ECSW UTD,2,10000,32.88,3.95,21.88,28.03,12.94,10.74,7.43,9.66,9.32
10/24/2024,13:00,ECSW UTD,3,8000,35.66,4.28,23.41,34.93,15.31,7.77,8.84,5.16,4.58
10/24/2024,13:00,ECSW UTD,4,8000,42.21,5.07,21.47,32.15,17.67,12.5,6.55,7.96,1.69
10/24/2024,14:00,ECSW UTD,1,10000,37.11,4.45,19.91,29.35,14.17,14.04,6.43,10.1,6
10/24/2024,14:00,ECSW UTD,2,10000,40.46,4.86,23.31,39,14.48,8.63,7.22,5.63,1.72
10/24/2024,14:00,ECSW UTD,3,8000,40.11,4.81,23.69,30.7,14.6,8.88,9.93,3.39,8.81
10/24/2024,14:00,ECSW UTD,4,8000,118.38,14.21,22.62,28.71,16.44,9.3,10.39,7.7,4.85
10/24/2024,15:00,ECSW UTD,1,10000,36.66,4.4,25.76,32.1,14.06,9.29,7.68,3.65,7.46
10/24/2024,15:00,ECSW UTD,2,10000,29.01,3.48,20.03,32.86,16.94,14.7,12.19,1.98,1.3
10/24/2024,15:00,ECSW UTD,3,8000,40.12,4.81,21.86,32.37,17.62,12.26,7.41,4.4,4.07
10/24/2024,15:00,ECSW UTD,4,8000,37.94,4.55,22.32,29.47,14.52,9.74,8.45,5.88,9.62
10/24/2024,16:00,ECSW UTD,1,10000,42.86,5.14,24.44,33.99,15.04,10.32,7.59,6.67,1.96
10/24/2024,16:00,ECSW UTD,2,10000,42.96,5.16,21.74,34.61,14.91,9.02,7.9,4.55,7.27
10/24/2024,16:00,ECSW UTD,3,8000,43.98,5.28,26.22,31.95,9.15,10.11,9.32,7.08,6.18
10/24/2024,16:00,ECSW UTD,4,8000,37.52,4.5,24.77,29.53,15.28,8.29,8.5,8.65,4.99
10/24/2024,17:00,ECSW UTD,1,10000,39.33,4.72,18.09,32.06,18.85,10.35,8.02,7.86,4.76
10/24/2024,17:00,ECSW UTD,2,10000,46.46,5.58,19.03,34.23,19.97,13.12,4.66,4.06,4.93
10/24/2024,17:00,ECSW UTD,3,8000,45.05,5.41,20.93,33.76,14.23,10.08,6.64,9.89,4.47
10/24/2024,17:00,ECSW UTD,4,8000,43.45,5.21,21.61,32.37,14.9,12.45,8.96,5.6,4.11
10/25/2024,9:00,ECSW UTD,1,10000,89.94,10.79,22.09,31.7,16.77,9.22,8.18,5.09,6.94
10/25/2024,9:00,ECSW UTD,2,10000,34.67,4.16,19.05,32.39,16.59,12.16,7.71,5.4,6.71
10/25/2024,9:00,ECSW UTD,3,8000,47.8,5.74,19.26,32.75,21.08,11.3,7.97,2.98,4.65
10/25/2024,9:00,ECSW UTD,4,8000,32.99,3.96,23.22,28.76,14.29,10.73,9.53,6.62,6.86
10/25/2024,10:00,ECSW UTD,1,10000,36.85,4.42,21.16,34.4,15.21,10.9,9.59,7.17,1.58
10/25/2024,10:00,ECSW UTD,2,10000,43.57,5.23,18.25,29.36,15.47,12.35,10.01,7.19,7.37
10/25/2024,10:00,ECSW UTD,3,8000,41.46,4.98,21.19,33.53,17.39,9.91,9.3,5.21,3.48
10/25/2024,10:00,ECSW UTD,4,8000,46.45,5.57,20.95,35.52,12.24,9.26,8.4,7.58,6.04
10/25/2024,11:00,ECSW UTD,1,10000,41.55,4.99,21.04,32.83,18.55,8.62,8.23,7.12,3.6
10/25/2024,11:00,ECSW UTD,2,10000,48.03,5.76,26.41,31.59,15.45,6.39,7.57,7.68,4.91
10/25/2024,11:00,ECSW UTD,3,8000,42.3,5.08,19.85,36.98,16.26,11.73,9.15,2.88,3.15
10/25/2024,11:00,ECSW UTD,4,8000,44.84,5.38,22.42,34.6,16.87,11.09,4.9,4.81,5.33
10/25/2024,12:00,ECSW UTD,1,10000,49.77,5.97,22.25,34.43,16.86,8.93,8.57,5.7,3.25
10/25/2024,12:00,ECSW UTD,2,10000,38.08,4.57,21.34,36.18,11.81,13.52,6.67,2.46,8.02
10/25/2024,12:00,ECSW UTD,3,8000,43.66,5.24,21.39,30.04,18.17,10.57,7.31,5.4,7.12
10/25/2024,12:00,ECSW UTD,4,8000,36.1,4.33,21.94,34.48,12.66,12.06,4.96,5.99,7.9
10/25/2024,13:00,ECSW UTD,1,10000,37.62,4.51,23.58,27.34,17.55,11.46,4.61,10.52,4.92
10/25/2024,13:00,ECSW UTD,2,10000,35.61,4.27,19.18,32.99,16.46,11.39,8.26,6.99,4.72
10/25/2024,13:00,ECSW UTD,3,8000,61.19,7.34,22.83,37.31,12.72,7.26,7.15,3.7,9.03
10/25/2024,13:00,ECSW UTD,4,8000,39.14,4.7,23.52,30.18,16.35,11.45,9.82,4.26,4.44
10/25/2024,14:00,ECSW UTD,1,10000,38.51,4.62,17.97,32.11,15.32,12.01,8.81,8.26,5.53
10/25/2024,14:00,ECSW UTD,2,10000,37.19,4.46,22.33,34.91,12.72,9.51,7.34,6.46,6.72
10/25/2024,14:00,ECSW UTD,3,8000,40.51,4.86,17.62,31.26,17.01,10.54,9.38,4.76,9.44
10/25/2024,14:00,ECSW UTD,4,8000,28.53,3.42,21.31,32.74,16.96,11.97,10.2,3.92,2.89
10/25/2024,15:00,ECSW UTD,1,10000,29.83,3.58,20.95,30.92,18.83,10.24,6.46,2.85,9.76
10/25/2024,15:00,ECSW UTD,2,10000,39.89,4.79,19.48,31.95,19.85,9.74,9.9,7.79,1.29
10/25/2024,15:00,ECSW UTD,3,8000,36.81,4.42,23.97,30.99,17.15,9.19,7.7,4.19,6.8
10/25/2024,15:00,ECSW UTD,4,8000,41.01,4.92,20.09,34.82,18.38,6,7.07,9.8,3.83
10/25/2024,16:00,ECSW UTD,1,10000,50.44,6.05,19.36,29.87,16.92,9.93,9.09,8.24,6.59
10/25/2024,16:00,ECSW UTD,2,10000,40.71,4.89,23.97,32.6,13.89,14.33,9.53,4.69,0.98
10/25/2024,16:00,ECSW UTD,3,8000,33.11,3.97,26.66,38.15,17.28,7.36,6.64,2,1.91
10/25/2024,16:00,ECSW UTD,4,8000,50.13,6.02,24.69,28.41,15.34,7.61,8.16,8.47,7.33
10/25/2024,17:00,ECSW UTD,1,10000,44.04,5.28,19.97,33.11,16.59,11,7.91,5.74,5.68
10/25/2024,17:00,ECSW UTD,2,10000,37.29,4.47,22,33.39,15.66,11.47,8.7,4.48,4.3
10/25/2024,17:00,ECSW UTD,3,8000,41.46,4.98,23.29,30.68,15.19,8.32,7.73,7.55,7.24
10/25/2024,17:00,ECSW UTD,4,8000,44.84,5.38,22.59,31.89,16.32,10.84,7.4,5.34,5.61
10/26/2024,9:00,ECSW UTD,1,10000,23.17,2.78,21.31,36.09,13.27,12.14,8.35,5.28,3.56
10/26/2024,9:00,ECSW UTD,2,10000,25.1,3.01,23.06,34.28,16.6,10.12,8.52,6.35,1.07
10/26/2024,9:00,ECSW UTD,3,8000,24.36,2.92,24.71,30.79,14.36,9.62,9.36,4.46,6.7
10/26/2024,9:00,ECSW UTD,4,8000,19.13,2.3,24.15,34.4,14.78,10.14,8.2,5.14,3.2
10/26/2024,10:00,ECSW UTD,1,10000,14.56,1.75,21.4,30.6,16.31,9.38,11.21,4.71,6.4
10/26/2024,10:00,ECSW UTD,2,10000,13.06,1.57,21.37,32.47,16.26,8.04,10.29,7.72,3.84
10/26/2024,10:00,ECSW UTD,3,8000,14.26,1.71,19.86,33.34,14.85,10.47,6.3,9.64,5.54
10/26/2024,10:00,ECSW UTD,4,8000,25.75,3.09,24.09,34.34,17,9.81,8.15,3.43,3.18
10/26/2024,11:00,ECSW UTD,1,10000,57.24,6.87,22.27,30.49,18.94,11.6,4.75,6.79,5.16
10/26/2024,11:00,ECSW UTD,2,10000,17.72,2.13,21.49,32.47,17.22,12.96,9.25,2.36,4.25
10/26/2024,11:00,ECSW UTD,3,8000,34.72,4.17,21.55,34.91,17.88,10.53,8.64,4.95,1.53
10/26/2024,11:00,ECSW UTD,4,8000,20.09,2.41,24.37,31.31,17.2,12.72,6.72,4.45,3.22
10/26/2024,12:00,ECSW UTD,1,10000,15.89,1.91,19.1,30.91,19.55,8.95,9.05,4.38,8.06
10/26/2024,12:00,ECSW UTD,2,10000,26.56,3.19,22.59,31.82,15.11,7.92,12.36,3.62,6.58
10/26/2024,12:00,ECSW UTD,3,8000,25.3,3.04,20,33.97,17.5,14.25,7.48,2.57,4.22
10/26/2024,12:00,ECSW UTD,4,8000,21.04,2.52,21.05,30.58,11.7,11.45,12.5,6.21,6.51
10/26/2024,13:00,ECSW UTD,1,10000,22.86,2.74,22.04,33.77,16.73,9.93,6.79,4.77,5.96
10/26/2024,13:00,ECSW UTD,2,10000,18.42,2.21,21.58,32.3,17.44,13.15,8.53,2.49,4.51
10/26/2024,13:00,ECSW UTD,3,8000,20.22,2.43,17.05,34.22,15.96,11.24,11.2,3.9,6.42
10/26/2024,13:00,ECSW UTD,4,8000,19.45,2.33,20.96,30.38,19.57,9.87,10.03,1.33,7.86
10/26/2024,14:00,ECSW UTD,1,10000,25.26,3.03,21.41,31.32,16.75,15.45,4.74,6.96,3.37
10/26/2024,14:00,ECSW UTD,2,10000,19.9,2.39,21.94,32.78,16.85,8.7,11.31,1.59,6.84
10/26/2024,14:00,ECSW UTD,3,8000,18.37,2.2,20.96,36.09,14.11,11.96,6.12,7.03,3.74
10/26/2024,14:00,ECSW UTD,4,8000,17.75,2.13,20.74,28.66,14.99,7.02,9.33,8.59,10.66
10/26/2024,15:00,ECSW UTD,1,10000,20.46,2.46,22.34,27.38,18.64,11.96,7.28,7.74,4.65
10/26/2024,15:00,ECSW UTD,2,10000,17.71,2.13,23.45,31.19,19.07,8.83,6.6,3.56,7.3
10/26/2024,15:00,ECSW UTD,3,8000,16.92,2.03,19.92,33.14,17.19,8.79,6.56,10.62,3.77
10/26/2024,15:00,ECSW UTD,4,8000,18.38,2.21,20.49,31.01,17.27,12.65,7.86,2.69,8.03
10/26/2024,16:00,ECSW UTD,1,10000,19.52,2.34,24.53,26.67,16.09,14.47,7.63,4.76,5.85
10/26/2024,16:00,ECSW UTD,2,10000,17.21,2.07,20.2,30.56,14.33,12.98,9.3,5.73,6.9
10/26/2024,16:00,ECSW UTD,3,8000,18.68,2.24,20.42,31.87,16.61,8.72,7.75,4.39,10.24
10/26/2024,16:00,ECSW UTD,4,8000,6.13,0.74,21.3,36.27,16.53,12.48,8.89,3.97,0.56
10/26/2024,17:00,ECSW UTD,1,10000,21.03,2.52,19.09,29.38,14.49,13.96,13.25,5.62,4.21
10/26/2024,17:00,ECSW UTD,2,10000,14.11,1.69,22.66,36.33,15.7,5.67,10.11,7.55,1.98
10/26/2024,17:00,ECSW UTD,3,8000,20.88,2.51,24.21,34.58,15.54,13.94,8.33,2.35,1.04
10/26/2024,17:00,ECSW UTD,4,8000,26.3,3.16,24.92,35.41,16.57,10.49,6.86,4.85,0.89
10/27/2024,9:00,ECSW UTD,1,10000,16.32,1.96,19.21,30.95,14.79,11.49,10.61,7.06,5.89
10/27/2024,9:00,ECSW UTD,2,10000,20.06,2.41,18.98,33.12,19.32,11.24,12.45,2.05,2.83
10/27/2024,9:00,ECSW UTD,3,8000,24.28,2.91,23.16,36.81,16.89,9.32,8.54,2.18,3.09
10/27/2024,9:00,ECSW UTD,4,8000,24.86,2.98,24.15,34.12,12.84,10.31,6.16,8.17,4.26
10/27/2024,10:00,ECSW UTD,1,10000,14.57,1.75,23.29,33.35,20.87,9.91,6.04,0.81,5.73
10/27/2024,10:00,ECSW UTD,2,10000,17.19,2.06,17.82,33.66,16.98,10.34,11.15,6.57,3.49
10/27/2024,10:00,ECSW UTD,3,8000,14.8,1.78,23.12,32.91,16.39,8.88,9.85,3.73,5.13
10/27/2024,10:00,ECSW UTD,4,8000,27.23,3.27,21.31,30.64,14.71,13.68,9.71,5.41,4.54
10/27/2024,11:00,ECSW UTD,1,10000,22.43,2.69,21.15,35.38,15.64,9.48,7.77,4.91,5.67
10/27/2024,11:00,ECSW UTD,2,10000,21.18,2.54,14.44,32.48,16.27,14.89,6.68,6.09,9.14
10/27/2024,11:00,ECSW UTD,3,8000,13.44,1.61,21.83,29.82,14.69,8.81,6.86,10.97,7.02
10/27/2024,11:00,ECSW UTD,4,8000,25.51,3.06,22.01,28.1,16.56,12.74,6.6,7.27,6.72
10/27/2024,12:00,ECSW UTD,1,10000,29.26,3.51,22.68,32.9,16.9,15.23,5.14,1.02,6.13
10/27/2024,12:00,ECSW UTD,2,10000,17.79,2.13,22.23,35.42,15.43,6.95,13.43,3.34,3.2
10/27/2024,12:00,ECSW UTD,3,8000,25.52,3.06,20.6,32.01,17.11,13.04,7.86,8.61,0.78
10/27/2024,12:00,ECSW UTD,4,8000,23.8,2.86,18.81,33.62,15.69,8.89,9.57,6.97,6.45
10/27/2024,13:00,ECSW UTD,1,10000,14.85,1.78,21.26,33.51,16.67,12.85,4.44,6.33,4.94
10/27/2024,13:00,ECSW UTD,2,10000,15.81,1.9,23.09,36.88,9.72,10.72,7.79,7.56,4.23
10/27/2024,13:00,ECSW UTD,3,8000,18.92,2.27,23.29,32.28,16.96,9.08,9.17,4.57,4.65
10/27/2024,13:00,ECSW UTD,4,8000,22.05,2.65,19.22,33.71,15,11.48,11.15,7.22,2.23
10/27/2024,14:00,ECSW UTD,1,10000,39.23,4.71,22.43,33.11,16.85,9.93,9.4,5.13,3.15
10/27/2024,14:00,ECSW UTD,2,10000,16.35,1.96,23.41,30.83,14.63,12.58,9.04,6.73,2.78
10/27/2024,14:00,ECSW UTD,3,8000,22.75,2.73,20.55,30.76,15.39,14,8,10.34,0.96
10/27/2024,14:00,ECSW UTD,4,8000,12.27,1.47,23,33.66,13.48,10.29,9.57,4.61,5.38
10/27/2024,15:00,ECSW UTD,1,10000,20.05,2.41,19.39,33.35,17.1,11.61,5.16,7.4,5.98
10/27/2024,15:00,ECSW UTD,2,10000,14.72,1.77,22.82,28.34,13.96,10.91,11.38,6.15,6.43
10/27/2024,15:00,ECSW UTD,3,8000,14.99,1.8,21.74,31.18,17.68,12.49,12.14,0.74,4.03
10/27/2024,15:00,ECSW UTD,4,8000,26.5,3.18,18.32,33.68,18.4,10.59,5.49,5.07,8.44
10/27/2024,16:00,ECSW UTD,1,10000,27.7,3.32,21.26,29.2,19.24,12.12,6.43,5.92,5.82
10/27/2024,16:00,ECSW UTD,2,10000,16.82,2.02,20.95,32.61,14.59,12.57,4.55,9.55,5.18
10/27/2024,16:00,ECSW UTD,3,8000,50.27,6.03,22.25,32.91,14.6,8.87,7.73,5.6,8.04
10/27/2024,16:00,ECSW UTD,4,8000,13.3,1.6,22.85,35.74,13.37,9.83,7.84,4.02,6.35
10/27/2024,17:00,ECSW UTD,1,10000,19.2,2.3,19.59,32,19.13,13.77,4.31,6.38,4.82
10/27/2024,17:00,ECSW UTD,2,10000,20.78,2.49,21.49,33.83,17.12,9.89,6.95,4.59,6.12
10/27/2024,17:00,ECSW UTD,3,8000,22.99,2.76,22.15,29.61,15.89,12.17,10.54,4.98,4.65
10/27/2024,17:00,ECSW UTD,4,8000,20.96,2.52,19.38,32.42,18.05,12.35,8.17,5.95,3.67
10/28/2024,9:00,ECSW UTD,1,10000,43.52,5.22,21.79,32.33,15.68,10.84,7.8,6.94,4.62
10/28/2024,9:00,ECSW UTD,2,10000,47.96,5.76,23.96,29.48,15.82,9.09,7.68,9.41,4.58
10/28/2024,9:00,ECSW UTD,3,8000,41.8,5.02,25.62,34.03,16.15,9.22,7.57,0,7.4
10/28/2024,9:00,ECSW UTD,4,8000,50.27,6.03,22.66,30.33,15.31,10.14,6.66,7.5,7.39
10/28/2024,10:00,ECSW UTD,1,10000,34.22,4.11,19.47,30,17.07,14.28,5.62,9.66,3.9
10/28/2024,10:00,ECSW UTD,2,10000,37.04,4.44,22.3,31.13,17.06,7.95,8.12,8.17,5.27
10/28/2024,10:00,ECSW UTD,3,8000,40.71,4.89,21.81,33.67,12.17,11.63,7.77,5.55,7.41
10/28/2024,10:00,ECSW UTD,4,8000,34.03,4.08,21.2,30.82,16.4,14.93,9.15,2.74,4.75
10/28/2024,11:00,ECSW UTD,1,10000,32.56,3.91,19.53,33.87,13.92,13.45,8.65,5.69,4.89
10/28/2024,11:00,ECSW UTD,2,10000,43.86,5.26,22.38,31.83,16.74,9.94,9.43,4.49,5.19
10/28/2024,11:00,ECSW UTD,3,8000,38.63,4.64,19.74,29.61,16.48,13.06,10.7,2.57,7.84
10/28/2024,11:00,ECSW UTD,4,8000,38.41,4.61,22.5,29.91,16.22,11.28,5.34,6.6,8.16
10/28/2024,12:00,ECSW UTD,1,10000,39.13,4.7,22.75,29.66,16.72,5.57,12.86,8,4.44
10/28/2024,12:00,ECSW UTD,2,10000,30.14,3.62,21.8,28.73,16.84,11.47,6.48,7.67,7.01
10/28/2024,12:00,ECSW UTD,3,8000,44.88,5.39,20.91,28.38,17.71,9.88,5.45,8.05,9.61
10/28/2024,12:00,ECSW UTD,4,8000,39.79,4.77,24.65,30.59,14.43,8.86,11.43,3.49,6.56
10/28/2024,13:00,ECSW UTD,1,10000,37.2,4.46,19.21,32.28,14.34,9.25,10.34,8.25,6.33
10/28/2024,13:00,ECSW UTD,2,10000,36.73,4.41,21.33,33.89,17.58,9.02,10.61,5.81,1.76
10/28/2024,13:00,ECSW UTD,3,8000,35.36,4.24,20.17,31.71,19.94,11.13,6.71,5.78,4.56
10/28/2024,13:00,ECSW UTD,4,8000,41.62,4.99,20.22,30.98,14.29,12.69,9.38,3.43,9
10/28/2024,14:00,ECSW UTD,1,10000,41.63,5,18.55,33.71,19.39,10.05,7.08,4.71,6.51
10/28/2024,14:00,ECSW UTD,2,10000,46.39,5.57,21.34,30.49,18.17,9.46,10.16,4.47,5.92
10/28/2024,14:00,ECSW UTD,3,8000,39.43,4.73,20.28,29.82,18.04,8.7,6.65,9.42,7.09
10/28/2024,14:00,ECSW UTD,4,8000,67.8,8.14,22.86,35.81,15.73,12.05,4.45,9.1,0
10/28/2024,15:00,ECSW UTD,1,10000,40.21,4.83,18.85,30.44,14.75,14.74,6.17,7.27,7.79
10/28/2024,15:00,ECSW UTD,2,10000,28.31,3.4,19.86,34.89,13.09,13.12,8.43,5.16,5.44
10/28/2024,15:00,ECSW UTD,3,8000,41.71,5.01,19.62,31.98,17.08,11.23,9.44,3.86,6.8
10/28/2024,15:00,ECSW UTD,4,8000,40.63,4.88,20,34.37,15.69,9.72,8.37,7.4,4.45
10/28/2024,16:00,ECSW UTD,1,10000,41.13,4.94,20.84,29.46,14.82,12.15,8.6,6.32,7.81
10/28/2024,16:00,ECSW UTD,2,10000,42.17,5.06,17.41,32.9,14.83,14.67,9.48,4.1,6.61
10/28/2024,16:00,ECSW UTD,3,8000,40.45,4.85,17.11,32.77,14.66,13.27,8.01,8.14,6.04
10/28/2024,16:00,ECSW UTD,4,8000,44.87,5.38,23.2,37.46,14.09,11.89,6.14,3.31,3.93
10/28/2024,17:00,ECSW UTD,1,10000,43.3,5.2,20.98,32,15.6,12.95,8.52,5.85,4.11
10/28/2024,17:00,ECSW UTD,2,10000,45.75,5.49,27.02,36.02,16.65,8.15,7.54,0.8,3.83
10/28/2024,17:00,ECSW UTD,3,8000,41.78,5.01,21.82,37.98,15.63,9.98,11.1,1.26,2.23
10/28/2024,17:00,ECSW UTD,4,8000,43.32,5.2,22.52,34.05,15.07,12.03,7.33,5.91,3.08
10/29/2024,9:00,ECSW UTD,1,10000,39.09,4.69,24.71,29.95,15.14,9.86,8.58,6.1,5.67
10/29/2024,9:00,ECSW UTD,2,10000,41.4,4.97,20.99,32.28,15.58,6.82,14.18,6.9,3.25
10/29/2024,9:00,ECSW UTD,3,8000,41.15,4.94,20.31,34.04,14.12,11.61,5.68,6.78,7.47
10/29/2024,9:00,ECSW UTD,4,8000,35.87,4.3,23.32,32.4,18.39,9.89,10.99,1.58,3.43
10/29/2024,10:00,ECSW UTD,1,10000,34.46,4.14,22.64,34.52,17.27,9.97,2.67,5.63,7.3
10/29/2024,10:00,ECSW UTD,2,10000,116.9,14.03,21.09,31.38,16.27,9.81,11.59,6.08,3.78
10/29/2024,10:00,ECSW UTD,3,8000,37.65,4.52,22.67,33.84,18.41,11.74,7.64,0,5.7
10/29/2024,10:00,ECSW UTD,4,8000,39.99,4.8,21.04,31.24,12.81,11.53,9.61,6.6,7.15
10/29/2024,11:00,ECSW UTD,1,10000,43.02,5.16,19.2,29.9,15.2,10.23,10.01,6.3,9.17
10/29/2024,11:00,ECSW UTD,2,10000,51.03,6.12,24.12,26.71,20.91,10.67,7.65,5.03,4.91
10/29/2024,11:00,ECSW UTD,3,8000,43.06,5.17,19.31,31.85,17.95,12.87,10.62,3.92,3.48
10/29/2024,11:00,ECSW UTD,4,8000,37.47,4.5,23.3,37.52,12.41,10.88,6.07,1.93,7.89
10/29/2024,12:00,ECSW UTD,1,10000,42.72,5.13,21.05,32.08,14.14,9.2,12.46,4.54,6.52
10/29/2024,12:00,ECSW UTD,2,10000,40.03,4.8,18.61,29.58,15.8,13.83,10.93,7.79,3.45
10/29/2024,12:00,ECSW UTD,3,8000,48.08,5.77,20.15,33.92,16.7,10.76,11.9,4,2.57
10/29/2024,12:00,ECSW UTD,4,8000,40.1,4.81,20.97,40.14,17.86,10.03,6.43,1.35,3.22
10/29/2024,13:00,ECSW UTD,1,10000,40.57,4.87,22.66,31.97,15.33,9.28,8.47,3.93,8.37
10/29/2024,13:00,ECSW UTD,2,10000,39.05,4.69,22.63,29.18,16.67,13.32,6.69,3.99,7.52
10/29/2024,13:00,ECSW UTD,3,8000,56.97,6.84,24.68,34.18,14.5,11.4,6.11,1.9,7.22
10/29/2024,13:00,ECSW UTD,4,8000,45.14,5.42,21.73,31.26,12.27,15.87,9.53,4.39,4.95
10/29/2024,14:00,ECSW UTD,1,10000,30.43,3.65,20.2,32.33,12.78,14.04,7.39,7.92,5.34
10/29/2024,14:00,ECSW UTD,2,10000,41.53,4.98,24.69,32.89,16.41,6.37,5.2,6.17,8.27
10/29/2024,14:00,ECSW UTD,3,8000,40.64,4.88,22.65,31.68,16.17,12.35,7.57,3.7,5.89
10/29/2024,14:00,ECSW UTD,4,8000,47.24,5.67,22.06,31.56,15.88,11.46,8.03,4.31,6.69
10/29/2024,15:00,ECSW UTD,1,10000,38.87,4.66,19.17,35.77,12.25,14.18,9.8,3.33,5.49
10/29/2024,15:00,ECSW UTD,2,10000,93.56,11.23,22.63,31.07,15.19,10.59,8.11,4.78,7.63
10/29/2024,15:00,ECSW UTD,3,8000,86.8,10.42,21.91,29.71,17,11.71,7.65,4.42,7.6
10/29/2024,15:00,ECSW UTD,4,8000,39.93,4.79,20.47,32.73,20.02,8.93,7.54,5.14,5.18
10/29/2024,16:00,ECSW UTD,1,10000,41.88,5.03,19.42,28.05,18.9,11.46,7.31,6,8.85
10/29/2024,16:00,ECSW UTD,2,10000,36.06,4.33,22.53,30.03,16.29,12.39,6.37,5.1,7.28
10/29/2024,16:00,ECSW UTD,3,8000,42.95,5.15,18.7,32.51,17.04,10.8,10.76,4.04,6.16
10/29/2024,16:00,ECSW UTD,4,8000,34.17,4.1,19.31,36.29,17.29,10.43,6.75,7.65,2.28
10/29/2024,17:00,ECSW UTD,1,10000,44.96,5.4,21.18,27.44,15.45,15.51,10.52,3.39,6.52
10/29/2024,17:00,ECSW UTD,2,10000,32.92,3.95,18.71,32.37,17.45,12.6,10.46,6.49,1.92
10/29/2024,17:00,ECSW UTD,3,8000,39.7,4.76,22.89,32.22,16.03,11.12,9,1.12,7.63
10/29/2024,17:00,ECSW UTD,4,8000,39.45,4.73,21.97,26.04,18.79,7.89,13.42,9.48,2.41
10/30/2024,9:00,ECSW UTD,1,10000,44.09,5.29,20.31,32.46,15.56,12.32,9.78,2.94,6.65
10/30/2024,9:00,ECSW UTD,2,10000,38.98,4.68,18.78,33.44,21.03,10.56,4.97,7.61,3.61
10/30/2024,9:00,ECSW UTD,3,8000,41.07,4.93,21.9,37.36,16.33,8.59,7.87,2.83,5.11
10/30/2024,9:00,ECSW UTD,4,8000,48.85,5.86,22.7,34.39,16.1,10.38,6.06,5.59,4.78
10/30/2024,10:00,ECSW UTD,1,10000,43.89,5.27,21.18,35.92,14.14,12.74,11.16,2.1,2.77
10/30/2024,10:00,ECSW UTD,2,10000,71.53,8.58,20.83,33.9,15.1,11.88,11.45,2.74,4.1
10/30/2024,10:00,ECSW UTD,3,8000,39.62,4.75,25.48,31.67,15.25,12.1,7.56,5.86,2.09
10/30/2024,10:00,ECSW UTD,4,8000,51.07,6.13,17.98,30.5,15.52,14.36,5.56,9.32,6.77
10/30/2024,11:00,ECSW UTD,1,10000,42.09,5.05,20.04,34.61,15.06,13.93,6.73,5.31,4.32
10/30/2024,11:00,ECSW UTD,2,10000,35.06,4.21,21.34,30.87,17.31,6.4,10.06,9.95,4.07
10/30/2024,11:00,ECSW UTD,3,8000,49.48,5.94,21.75,30.44,16.07,13.51,7.06,4.24,6.91
10/30/2024,11:00,ECSW UTD,4,8000,40.02,4.8,22.07,31.77,16.64,9.52,8.82,3.28,7.9
10/30/2024,12:00,ECSW UTD,1,10000,36.83,4.42,25.71,34.11,17.79,10.41,6.89,1.74,3.34
10/30/2024,12:00,ECSW UTD,2,10000,38.38,4.61,21.81,34.2,15.07,8.8,5.46,6.37,8.29
10/30/2024,12:00,ECSW UTD,3,8000,46.33,5.56,21.93,32.02,18.83,10.92,9.51,4.46,2.33
10/30/2024,12:00,ECSW UTD,4,8000,36.58,4.39,20.39,30.74,19.24,10.37,10.57,4.21,4.47
10/30/2024,13:00,ECSW UTD,1,10000,33.35,4,18.81,31.55,15.26,12.08,8.5,4.36,9.45
10/30/2024,13:00,ECSW UTD,2,10000,39.53,4.74,23.87,31.21,17.55,12.67,9,0.31,5.38
10/30/2024,13:00,ECSW UTD,3,8000,46.15,5.54,22.37,32.82,12.28,9.09,9.37,6.18,7.89
10/30/2024,13:00,ECSW UTD,4,8000,39.28,4.71,23.83,34.39,14.92,6.28,10.15,6.12,4.31
10/30/2024,14:00,ECSW UTD,1,10000,31.9,3.83,22.99,31.87,17.43,14.85,4.02,3.89,4.95
10/30/2024,14:00,ECSW UTD,2,10000,47.27,5.67,17.7,35.84,16.16,10.38,8.05,4.37,7.51
10/30/2024,14:00,ECSW UTD,3,8000,34.66,4.16,20.5,28.97,13.35,15.04,8.76,6.17,7.21
10/30/2024,14:00,ECSW UTD,4,8000,32.89,3.95,26.03,27.67,14.91,10.06,10.15,6.02,5.17
10/30/2024,15:00,ECSW UTD,1,10000,39.94,4.79,19.22,28.77,17.53,12.13,11.9,3.64,6.8
10/30/2024,15:00,ECSW UTD,2,10000,38.58,4.63,22.6,32.36,15.58,9.41,10.02,6.36,3.67
10/30/2024,15:00,ECSW UTD,3,8000,33.36,4,20.78,35.34,18.5,8.32,6.06,8.08,2.92
10/30/2024,15:00,ECSW UTD,4,8000,42.55,5.11,20.25,35.86,14.52,13.26,9.03,5.94,1.14
10/30/2024,16:00,ECSW UTD,1,10000,28.99,3.48,21.59,33.66,14.07,8.63,10.07,6.76,5.21
10/30/2024,16:00,ECSW UTD,2,10000,43.9,5.27,18.5,30.69,19.17,10.62,8.65,10.07,2.31
10/30/2024,16:00,ECSW UTD,3,8000,43.98,5.28,24.19,30.44,17.34,8.33,6.87,5.98,6.84
10/30/2024,16:00,ECSW UTD,4,8000,45.6,5.47,22.95,29.62,17.25,9.24,9.72,5.37,5.84
10/30/2024,17:00,ECSW UTD,1,10000,42.12,5.05,18.99,31.38,17.19,7.49,10.93,7.63,6.39
10/30/2024,17:00,ECSW UTD,2,10000,34.39,4.13,22.23,33.28,14.94,10.77,8.21,5.92,4.65
10/30/2024,17:00,ECSW UTD,3,8000,39.83,4.78,22.69,36.08,12.69,10.19,5.87,8.51,3.98
10/30/2024,17:00,ECSW UTD,4,8000,32.78,3.93,20.98,33.03,16.1,10.27,8.7,7.72,3.21
